direction,slice,function,base,test
onto,coreutils::O0::dd,ifd_reopen,0.8,1.0
onto,coreutils::O0::dd,operand_is,0.0,1.0
onto,bzip2::O2-noinline::bzip2,BZ2_bzopen,0.0,1.0
onto,bzip2::O2-noinline::bzip2,BZ2_bzdopen,0.5,1.0
onto,coreutils::O0::env,operand2sig,0.875,1.0
onto,bzip2::O2::bzip2,BZ2_bzopen,0.0,1.0
onto,bzip2::O2::bzip2,BZ2_bzdopen,0.5,1.0
onto,bzip2::O0::bzip2,compress,0.8571428571428571,1.0
onto,bzip2::O0::bzip2,uncompress,0.9,1.0
onto,bzip2::O0::bzip2,testf,0.75,1.0
onto,bzip2::O0::bzip2,BZ2_bzopen,0.0,1.0
onto,bzip2::O0::bzip2,BZ2_bzdopen,0.5,1.0
onto,coreutils::O0::head,head,0.8571428571428571,1.0
onto,coreutils::O0::head,string_to_integer,0.5,1.0
onto,coreutils::O0::dir,decode_line_length,0.5,1.0
onto,coreutils::O0::dir,format_user_or_group,0.8,1.0
onto,coreutils::O0::dir,format_user_or_group_width,0.6666666666666666,1.0
onto,coreutils::O0::kill,operand2sig,0.875,1.0
onto,coreutils::O0::nl,process_file,0.0,1.0
onto,coreutils::O0::numfmt,parse_human_number,0.4,1.0
onto,coreutils::O0::numfmt,process_line,0.8,1.0
onto,coreutils::O0::od,parse_old_offset,0.6666666666666666,1.0
onto,coreutils::O0::rmdir,ignorable_failure,0.5,1.0
onto,coreutils::O0::rm,write_protected_non_symlink,0.3333333333333333,1.0
onto,coreutils::O0::ls,decode_line_length,0.5,1.0
onto,coreutils::O0::ls,format_user_or_group,0.8,1.0
onto,coreutils::O0::ls,format_user_or_group_width,0.6666666666666666,1.0
onto,coreutils::O0::stdbuf,parse_size,0.75,1.0
onto,coreutils::O0::mv,write_protected_non_symlink,0.3333333333333333,1.0
onto,coreutils::O0::stty,integer_arg,0.5,1.0
onto,coreutils::O0::timeout,parse_duration,0.6666666666666666,1.0
onto,coreutils::O0::timeout,operand2sig,0.875,1.0
onto,coreutils::O0::sort,xfclose,0.5,1.0
onto,coreutils::O0::sort,specify_sort_size,0.8571428571428571,1.0
onto,coreutils::O0::sort,specify_nthreads,0.8,1.0
onto,coreutils::O0::tail,tail_bytes,0.8888888888888888,1.0
onto,coreutils::O0::tail,tail_lines,0.875,1.0
onto,coreutils::O0::tail,tail,0.75,1.0
onto,coreutils::O0::vdir,decode_line_length,0.5,1.0
onto,coreutils::O0::vdir,format_user_or_group,0.8,1.0
onto,coreutils::O0::vdir,format_user_or_group_width,0.6666666666666666,1.0
onto,coreutils::O2::head,diagnose_copy_fd_failure,0.5,1.0
onto,coreutils::O2::dir,decode_line_length,0.5,1.0
onto,coreutils::O2::ls,decode_line_length,0.5,1.0
onto,coreutils::O2::sort,badfieldspec,0.5,1.0
onto,coreutils::O2::sort,xfclose,0.5,1.0
onto,coreutils::O2-noinline::chmod,mode_changed,0.8333333333333334,1.0
onto,coreutils::O2::vdir,decode_line_length,0.5,1.0
onto,coreutils::O2-noinline::dir,decode_line_length,0.5,1.0
onto,coreutils::O2-noinline::dir,file_failure,0.6666666666666666,1.0
onto,coreutils::O2-noinline::head,string_to_integer,0.5,1.0
onto,coreutils::O2-noinline::head,diagnose_copy_fd_failure,0.5,1.0
onto,coreutils::O2-noinline::nl,process_file,0.0,1.0
onto,coreutils::O2-noinline::ls,decode_line_length,0.5,1.0
onto,coreutils::O2-noinline::ls,file_failure,0.6666666666666666,1.0
onto,coreutils::O2-noinline::pr,parse_column_count,0.0,1.0
onto,coreutils::O2-noinline::mv,write_protected_non_symlink,0.3333333333333333,1.0
onto,coreutils::O2-noinline::rm,write_protected_non_symlink,0.3333333333333333,1.0
onto,coreutils::O2-noinline::stty,integer_arg,0.5,1.0
onto,coreutils::O2-noinline::timeout,parse_duration,0.6666666666666666,1.0
onto,coreutils::O2-noinline::sort,xfclose,0.5,1.0
onto,coreutils::O2-noinline::tail,close_fd,0.5,1.0
onto,coreutils::O2-noinline::vdir,decode_line_length,0.5,1.0
onto,coreutils::O2-noinline::vdir,file_failure,0.6666666666666666,1.0
onto,gzip::O0::gzip,flush_block,0.8571428571428571,1.0
onto,gzip::O0::gzip,write_buf,0.75,1.0
onto,gzip::O0::gzip,gzip_base_name,0.0,1.0
onto,gzip::O0::gzip,file_read,0.6666666666666666,1.0
onto,gzip::O0::gzip,clear_ungetc_buffer_preserving_position,0.0,1.0
onto,gzip::O0::gzip,xirealloc,0.5,1.0
onto,gzip::O0::gzip,xireallocarray,0.6666666666666666,1.0
onto,gzip::O0::gzip,x2realloc,0.0,1.0
onto,gzip::O0::gzip,x2nrealloc,0.75,1.0
onto,gzip::O0::gzip,xpalloc,0.8888888888888888,1.0
onto,grep::O0::grep,pr_sgr_start_if,0.0,1.0
onto,grep::O0::grep,pr_sgr_end_if,0.0,1.0
onto,grep::O0::grep,print_offset,0.5,1.0
onto,shadow::O0::chsh,is_restricted_shell,0.0,1.0
onto,gzip::O2-noinline::gzip,clear_ungetc_buffer_preserving_position,0.0,1.0
onto,gzip::O2-noinline::gzip,x2realloc,0.0,1.0
onto,grep::O2-noinline::grep,print_offset,0.5,1.0
onto,findutils::O2-noinline::find,report_file_err,0.75,1.0
onto,findutils::O2-noinline::find,nonfatal_target_file_error,0.5,1.0
onto,findutils::O2-noinline::find,fatal_target_file_error,0.5,1.0
onto,findutils::O2-noinline::find,nonfatal_nontarget_file_error,0.5,1.0
onto,findutils::O2-noinline::find,fatal_nontarget_file_error,0.5,1.0
onto,tar::O0::tar,get_stat_data,0.3333333333333333,1.0
onto,tar::O0::tar,extract_symlink,0.6666666666666666,1.0
onto,tar::O0::tar,rename_directory,0.5,1.0
onto,tar::O0::tar,dumpdir_create,0.0,1.0
onto,tar::O0::tar,purge_directory,0.0,1.0
onto,tar::O0::tar,gid_from_header,0.5,1.0
onto,tar::O0::tar,major_from_header,0.5,1.0
onto,tar::O0::tar,minor_from_header,0.5,1.0
onto,tar::O0::tar,off_from_header,0.5,1.0
onto,tar::O0::tar,time_from_header,0.5,1.0
onto,tar::O0::tar,uid_from_header,0.5,1.0
onto,tar::O0::tar,uintmax_from_header,0.5,1.0
onto,tar::O0::tar,owner_map_read,0.0,1.0
onto,tar::O0::tar,group_map_read,0.0,1.0
onto,tar::O0::tar,blocking_read,0.8,1.0
onto,tar::O0::tar,handle_file_selection_option,0.6666666666666666,1.0
onto,tar::O0::tar,set_stat_signal,0.0,1.0
onto,tar::O0::tar,xattrs_masked_out,0.5,1.0
onto,tar::O2-noinline::tar,unknown_file_error,0.0,1.0
onto,tar::O2-noinline::tar,exclusion_tag_warning,0.3333333333333333,1.0
onto,tar::O2-noinline::tar,dumpdir_create,0.0,1.0
onto,tar::O2-noinline::tar,off_from_header,0.5,1.0
onto,tar::O2-noinline::tar,uintmax_from_header,0.5,1.0
onto,tar::O2-noinline::tar,owner_map_read,0.0,1.0
onto,tar::O2-noinline::tar,group_map_read,0.0,1.0
onto,tar::O2-noinline::tar,quote_n_colon,0.5,1.0
onto,tar::O2-noinline::tar,xexec,0.5,1.0
onto,tar::O2-noinline::tar,set_stat_signal,0.0,1.0
onto,tar::O2-noinline::tar,xattrs_masked_out,0.5,1.0
onto,tar::O2::tar,unknown_file_error,0.0,1.0
onto,tar::O2::tar,owner_map_read,0.0,1.0
onto,tar::O2::tar,group_map_read,0.0,1.0
onto,tar::O2::tar,quote_n_colon,0.5,1.0
onto,tar::O2::tar,name_scan,0.0,1.0
onto,tar::O2::tar,xexec,0.5,1.0
better,coreutils::O0::basename,perform_basename,0.25,0.75
better,coreutils::O0::cat,main,0.6923076923076923,0.7307692307692307
better,coreutils::O0::chroot,parse_additional_groups,0.75,0.8333333333333334
better,coreutils::O0::chcon,change_file_context,0.75,0.875
better,coreutils::O0::chgrp,describe_change,0.2222222222222222,0.6666666666666666
better,coreutils::O0::chown,describe_change,0.2222222222222222,0.6666666666666666
better,coreutils::O0::dircolors,append_entry,0.09090909090909091,0.2727272727272727
better,bzip2::O2-noinline::bzip2,uncompress,0.034482758620689655,0.06896551724137931
better,bzip2::O2-noinline::bzip2,testf,0.09090909090909091,0.18181818181818182
better,coreutils::O0::df,decode_output_arg,0.5714285714285714,0.7142857142857143
better,coreutils::O0::df,get_dev,0.6,0.6666666666666666
better,coreutils::O0::df,get_entry,0.0,0.5
better,coreutils::O0::df,dir_name,0.0,0.5
better,coreutils::O0::expr,str_value,0.0,0.5
better,coreutils::O0::env,parse_split_string,0.625,0.75
better,coreutils::O0::env,parse_signal_action_params,0.5714285714285714,0.7142857142857143
better,coreutils::O0::env,parse_block_signal_params,0.5,0.6666666666666666
better,bzip2::O2::bzip2,testf,0.06666666666666667,0.13333333333333333
better,coreutils::O0::fmt,get_paragraph,0.3333333333333333,0.6666666666666666
better,bzip2::O0::bzip2,BZ2_bzWriteClose,0.2,0.8
better,bzip2::O0::bzip2,BZ2_blockSort,0.5454545454545454,0.6363636363636364
better,coreutils::O0::du,show_date,0.16666666666666666,0.3333333333333333
better,coreutils::O0::cp,do_copy,0.5,0.59375
better,coreutils::O0::cp,decode_preserve_arg,0.3333333333333333,0.4444444444444444
better,coreutils::O0::cp,copy_dir,0.25,0.3
better,coreutils::O0::cp,set_process_security_ctx,0.5,0.625
better,coreutils::O0::cp,set_file_security_ctx,0.6,0.8
better,coreutils::O0::cp,copy_reg,0.6857142857142857,0.7142857142857143
better,coreutils::O0::cp,create_hard_link,0.2727272727272727,0.36363636363636365
better,coreutils::O0::cp,copy_internal,0.5555555555555556,0.5873015873015873
better,coreutils::O0::cp,remember_copied,0.4,0.6
better,coreutils::O0::cp,computecon,0.4444444444444444,0.5555555555555556
better,coreutils::O0::cp,dir_name,0.0,0.5
better,coreutils::O0::dir,queue_directory,0.25,0.75
better,coreutils::O0::dir,print_dir,0.5714285714285714,0.6428571428571429
better,coreutils::O0::dir,get_link_name,0.3333333333333333,0.6666666666666666
better,coreutils::O0::dir,basename_is_dot_or_dotdot,0.0,0.5
better,coreutils::O0::dir,extract_dirs_from_files,0.5,0.625
better,coreutils::O0::dir,align_nstrftime,0.2857142857142857,0.5714285714285714
better,coreutils::O0::dir,quote_name,0.5,0.5714285714285714
better,coreutils::O0::date,batch_convert,0.6,0.8
better,coreutils::O0::join,getseq,0.5,0.75
better,coreutils::O0::join,advance_seq,0.5,0.75
better,coreutils::O0::join,system_join,0.4,0.5333333333333333
better,coreutils::O0::join,string_to_join_field,0.5,0.75
better,coreutils::O0::mktemp,mkstemp_len,0.5,0.75
better,coreutils::O0::mktemp,mkdtemp_len,0.5,0.75
better,coreutils::O0::ln,convert_abs_rel,0.0,0.3333333333333333
better,coreutils::O0::ln,relpath,0.625,0.875
better,coreutils::O0::ln,dir_name,0.0,0.5
better,coreutils::O0::mkfifo,computecon,0.4444444444444444,0.5555555555555556
better,coreutils::O0::mkfifo,dir_name,0.0,0.5
better,coreutils::O0::mknod,computecon,0.4444444444444444,0.5555555555555556
better,coreutils::O0::mknod,dir_name,0.0,0.5
better,coreutils::O0::mkdir,process_dir,0.2,0.4
better,coreutils::O0::mkdir,computecon,0.4444444444444444,0.5555555555555556
better,coreutils::O0::mkdir,dir_name,0.0,0.5
better,coreutils::O0::numfmt,simple_strtod_float,0.5454545454545454,0.6363636363636364
better,coreutils::O0::numfmt,simple_strtod_human,0.6666666666666666,0.7777777777777778
better,coreutils::O0::numfmt,process_suffixed_number,0.7777777777777778,0.8888888888888888
better,coreutils::O0::od,write_block,0.6666666666666666,0.75
better,coreutils::O0::ginstall,process_dir,0.2,0.4
better,coreutils::O0::ginstall,copy_file,0.3333333333333333,0.6666666666666666
better,coreutils::O0::ginstall,change_attributes,0.5,0.75
better,coreutils::O0::ginstall,install_file_in_file,0.6666666666666666,0.8333333333333334
better,coreutils::O0::ginstall,install_file_in_file_parents,0.0,0.6666666666666666
better,coreutils::O0::ginstall,install_file_in_dir,0.36363636363636365,0.5454545454545454
better,coreutils::O0::ginstall,copy_dir,0.25,0.3
better,coreutils::O0::ginstall,set_process_security_ctx,0.5,0.625
better,coreutils::O0::ginstall,set_file_security_ctx,0.6,0.8
better,coreutils::O0::ginstall,copy_reg,0.6857142857142857,0.7142857142857143
better,coreutils::O0::ginstall,create_hard_link,0.2727272727272727,0.36363636363636365
better,coreutils::O0::ginstall,copy_internal,0.5555555555555556,0.5873015873015873
better,coreutils::O0::ginstall,remember_copied,0.4,0.6
better,coreutils::O0::ginstall,computecon,0.4444444444444444,0.5555555555555556
better,coreutils::O0::ginstall,dir_name,0.0,0.5
better,coreutils::O0::ptx,digest_break_file,0.3333333333333333,0.6666666666666666
better,coreutils::O0::ptx,digest_word_file,0.2,0.4
better,coreutils::O0::realpath,realpath_canon,0.25,0.5
better,coreutils::O0::realpath,process_path,0.3333333333333333,0.6666666666666666
better,coreutils::O0::realpath,relpath,0.625,0.875
better,coreutils::O0::seq,seq_fast,0.6666666666666666,0.7222222222222222
better,coreutils::O0::ls,queue_directory,0.25,0.75
better,coreutils::O0::ls,print_dir,0.5714285714285714,0.6428571428571429
better,coreutils::O0::ls,get_link_name,0.3333333333333333,0.6666666666666666
better,coreutils::O0::ls,basename_is_dot_or_dotdot,0.0,0.5
better,coreutils::O0::ls,extract_dirs_from_files,0.5,0.625
better,coreutils::O0::ls,align_nstrftime,0.2857142857142857,0.5714285714285714
better,coreutils::O0::ls,quote_name,0.5,0.5714285714285714
better,coreutils::O0::pr,getoptnum,0.6,0.8
better,coreutils::O0::shred,dopass,0.7428571428571429,0.7714285714285715
better,coreutils::O0::shred,do_wipefd,0.7777777777777778,0.8333333333333334
better,coreutils::O0::shred,wipefile,0.16666666666666666,0.5
better,coreutils::O0::shred,dir_name,0.0,0.5
better,coreutils::O0::stdbuf,dir_name,0.0,0.5
better,coreutils::O0::shuf,read_input,0.4,0.5
better,coreutils::O0::mv,main,0.8,0.84
better,coreutils::O0::mv,copy_dir,0.25,0.3
better,coreutils::O0::mv,set_process_security_ctx,0.5,0.625
better,coreutils::O0::mv,set_file_security_ctx,0.6,0.8
better,coreutils::O0::mv,copy_reg,0.6857142857142857,0.7142857142857143
better,coreutils::O0::mv,create_hard_link,0.2727272727272727,0.36363636363636365
better,coreutils::O0::mv,copy_internal,0.5555555555555556,0.5873015873015873
better,coreutils::O0::mv,remember_copied,0.4,0.6
better,coreutils::O0::mv,computecon,0.4444444444444444,0.5555555555555556
better,coreutils::O0::mv,dir_name,0.0,0.5
better,coreutils::O0::split,closeout,0.6666666666666666,0.7777777777777778
better,coreutils::O0::stty,set_speed,0.5,0.75
better,coreutils::O0::stty,recover_mode,0.25,0.5
better,coreutils::O0::tsort,new_item,0.0,0.5
better,coreutils::O0::tr,append_char_class,0.3333333333333333,0.5
better,coreutils::O0::tr,parse_str,0.25,0.5
better,coreutils::O0::uname,print_element_env,0.0,0.5
better,coreutils::O0::sort,xfopen,0.0,0.6666666666666666
better,coreutils::O0::sort,specify_nmerge,0.625,0.75
better,coreutils::O0::sort,fillbuf,0.7058823529411765,0.7647058823529411
better,coreutils::O0::sort,write_line,0.5,0.625
better,coreutils::O0::sort,mergefps,0.46153846153846156,0.5384615384615384
better,coreutils::O0::sort,mergefiles,0.42857142857142855,0.7142857142857143
better,coreutils::O0::sort,write_unique,0.0,0.6666666666666666
better,coreutils::O0::sort,mergelines_node,0.4,0.6
better,coreutils::O0::sort,merge_loop,0.2,0.6
better,coreutils::O0::sort,sortlines,0.5333333333333333,0.6666666666666666
better,coreutils::O0::sort,merge,0.5,0.6
better,coreutils::O0::sort,sort,0.4,0.55
better,coreutils::O0::sort,parse_field_count,0.6,0.8
better,coreutils::O0::tail,dump_remainder,0.5555555555555556,0.6666666666666666
better,coreutils::O0::stat,out_mount_point,0.5555555555555556,0.6666666666666666
better,coreutils::O0::stat,do_statfs,0.5,0.75
better,coreutils::O0::stat,do_stat,0.5,0.7
better,coreutils::O0::stat,dir_name,0.0,0.5
better,coreutils::O0::touch,get_reldate,0.0,0.3333333333333333
better,coreutils::O2::basename,perform_basename,0.2222222222222222,0.3333333333333333
better,coreutils::O2::chroot,parse_additional_groups,0.3333333333333333,0.4166666666666667
better,coreutils::O0::vdir,queue_directory,0.25,0.75
better,coreutils::O0::vdir,print_dir,0.5714285714285714,0.6428571428571429
better,coreutils::O0::vdir,get_link_name,0.3333333333333333,0.6666666666666666
better,coreutils::O0::vdir,basename_is_dot_or_dotdot,0.0,0.5
better,coreutils::O0::vdir,extract_dirs_from_files,0.5,0.625
better,coreutils::O0::vdir,align_nstrftime,0.2857142857142857,0.5714285714285714
better,coreutils::O0::vdir,quote_name,0.5,0.5714285714285714
better,coreutils::O2::dircolors,append_entry,0.09090909090909091,0.2727272727272727
better,coreutils::O2::dircolors,dc_parse_stream,0.26666666666666666,0.3333333333333333
better,coreutils::O2::env,parse_block_signal_params,0.3333333333333333,0.5
better,coreutils::O2::dd,ifd_reopen,0.6,0.8
better,coreutils::O2::dd,skip,0.4,0.5
better,coreutils::O2::df,decode_output_arg,0.0,0.16666666666666666
better,coreutils::O2::fmt,fmt,0.125,0.25
better,coreutils::O2::groups,print_group_list,0.4166666666666667,0.5
better,coreutils::O2::head,head_bytes,0.16666666666666666,0.3333333333333333
better,coreutils::O2::head,head_lines,0.375,0.5
better,coreutils::O2::head,elide_tail_lines_seekable,0.29411764705882354,0.35294117647058826
better,coreutils::O2::id,print_stuff,0.0,0.07142857142857142
better,coreutils::O2::id,print_group_list,0.4166666666666667,0.5
better,coreutils::O2::join,get_line,0.05,0.1
better,coreutils::O2::join,getseq,0.25,0.5
better,coreutils::O2::dir,file_failure,0.5,0.75
better,coreutils::O2::dir,extract_dirs_from_files,0.08333333333333333,0.16666666666666666
better,coreutils::O2::dir,quote_name,0.21052631578947367,0.2631578947368421
better,coreutils::O2::cp,decode_preserve_arg,0.1111111111111111,0.2222222222222222
better,coreutils::O2::cp,emit_verbose,0.0,0.5
better,coreutils::O2::cp,create_hard_link,0.25,0.5
better,coreutils::O2::cp,overwrite_ok,0.25,0.375
better,coreutils::O2::cp,create_hole,0.2222222222222222,0.3333333333333333
better,coreutils::O2::cp,sparse_copy,0.3333333333333333,0.4166666666666667
better,coreutils::O2::cp,set_process_security_ctx,0.0,0.2222222222222222
better,coreutils::O2::cp,set_file_security_ctx,0.16666666666666666,0.3333333333333333
better,coreutils::O2::cp,remember_copied,0.2857142857142857,0.42857142857142855
better,coreutils::O2::mkdir,process_dir,0.0,0.14285714285714285
better,coreutils::O2::mkdir,make_ancestor,0.1,0.2
better,coreutils::O2::od,parse_old_offset,0.3333333333333333,0.6666666666666666
better,coreutils::O2::ls,file_failure,0.5,0.75
better,coreutils::O2::ls,extract_dirs_from_files,0.08333333333333333,0.16666666666666666
better,coreutils::O2::ls,quote_name,0.21052631578947367,0.2631578947368421
better,coreutils::O2::pr,main,0.5833333333333334,0.6666666666666666
better,coreutils::O2::pr,parse_column_count,0.0,0.16666666666666666
better,coreutils::O2::ginstall,make_ancestor,0.1111111111111111,0.2222222222222222
better,coreutils::O2::ginstall,emit_verbose,0.0,0.5
better,coreutils::O2::ginstall,create_hard_link,0.25,0.5
better,coreutils::O2::ginstall,overwrite_ok,0.25,0.375
better,coreutils::O2::ginstall,create_hole,0.2222222222222222,0.3333333333333333
better,coreutils::O2::ginstall,sparse_copy,0.3333333333333333,0.4166666666666667
better,coreutils::O2::ginstall,set_process_security_ctx,0.0,0.2222222222222222
better,coreutils::O2::ginstall,set_file_security_ctx,0.16666666666666666,0.3333333333333333
better,coreutils::O2::ginstall,remember_copied,0.2857142857142857,0.42857142857142855
better,coreutils::O2::split,closeout,0.3,0.5
better,coreutils::O2::stty,set_window_size,0.2,0.3
better,coreutils::O2::stty,apply_settings,0.14285714285714285,0.21428571428571427
better,coreutils::O2::tac,tac_seekable,0.08333333333333333,0.125
better,coreutils::O2::mv,emit_verbose,0.0,0.5
better,coreutils::O2::mv,create_hard_link,0.25,0.5
better,coreutils::O2::mv,overwrite_ok,0.25,0.375
better,coreutils::O2::mv,create_hole,0.2222222222222222,0.3333333333333333
better,coreutils::O2::mv,sparse_copy,0.3333333333333333,0.4166666666666667
better,coreutils::O2::mv,set_process_security_ctx,0.0,0.2222222222222222
better,coreutils::O2::mv,set_file_security_ctx,0.16666666666666666,0.3333333333333333
better,coreutils::O2::mv,remember_copied,0.2857142857142857,0.42857142857142855
better,coreutils::O2::timeout,parse_duration,0.3333333333333333,0.5
better,coreutils::O2::tail,fremote,0.0,0.16666666666666666
better,coreutils::O2::tail,start_lines,0.375,0.5
better,coreutils::O2::tail,start_bytes,0.42857142857142855,0.5714285714285714
better,coreutils::O2::sort,parse_field_count,0.6,0.8
better,coreutils::O2::sort,fillbuf,0.15789473684210525,0.21052631578947367
better,coreutils::O2::sort,write_line,0.125,0.25
better,coreutils::O2::sort,write_unique,0.0,0.6666666666666666
better,coreutils::O2::sort,mergefps,0.13793103448275862,0.20689655172413793
better,coreutils::O2::sort,mergefiles,0.2857142857142857,0.5714285714285714
better,coreutils::O2::sort,sortlines,0.2,0.3333333333333333
better,coreutils::O2::ptx,digest_word_file,0.0,0.25
better,coreutils::O2::wc,wc_lines_avx2,0.2,0.26666666666666666
better,coreutils::O2::uptime,uptime,0.5,0.75
better,coreutils::O2::who,who,0.15384615384615385,0.23076923076923078
better,coreutils::O2-noinline::basename,perform_basename,0.25,0.75
better,coreutils::O2-noinline::chcon,change_file_context,0.25,0.375
better,coreutils::O2-noinline::chroot,parse_additional_groups,0.3333333333333333,0.4166666666666667
better,coreutils::O2-noinline::chgrp,describe_change,0.09090909090909091,0.5454545454545454
better,coreutils::O2-noinline::chmod,describe_change,0.18181818181818182,0.2727272727272727
better,coreutils::O2-noinline::csplit,check_for_offset,0.0,0.3333333333333333
better,coreutils::O2-noinline::chown,describe_change,0.09090909090909091,0.5454545454545454
better,coreutils::O2-noinline::dircolors,append_entry,0.09090909090909091,0.2727272727272727
better,coreutils::O2-noinline::dircolors,dc_parse_stream,0.4666666666666667,0.5333333333333333
better,coreutils::O2::vdir,file_failure,0.5,0.75
better,coreutils::O2::vdir,extract_dirs_from_files,0.08333333333333333,0.16666666666666666
better,coreutils::O2::vdir,quote_name,0.21052631578947367,0.2631578947368421
better,coreutils::O2-noinline::dd,ifd_reopen,0.6,0.8
better,coreutils::O2-noinline::dd,skip,0.4,0.5
better,coreutils::O2-noinline::env,parse_signal_action_params,0.14285714285714285,0.2857142857142857
better,coreutils::O2-noinline::env,parse_block_signal_params,0.3333333333333333,0.5
better,coreutils::O2-noinline::df,get_dev,0.26666666666666666,0.3
better,coreutils::O2-noinline::df,get_entry,0.0,0.5
better,coreutils::O2-noinline::df,decode_output_arg,0.0,0.16666666666666666
better,coreutils::O2-noinline::expr,str_value,0.0,0.5
better,coreutils::O2-noinline::cp,decode_preserve_arg,0.1111111111111111,0.2222222222222222
better,coreutils::O2-noinline::cp,overwrite_ok,0.25,0.375
better,coreutils::O2-noinline::cp,abandon_move,0.16666666666666666,0.3333333333333333
better,coreutils::O2-noinline::cp,create_hole,0.4,0.6
better,coreutils::O2-noinline::cp,sparse_copy,0.25,0.3333333333333333
better,coreutils::O2-noinline::cp,emit_verbose,0.0,0.6
better,coreutils::O2-noinline::cp,create_hard_link,0.25,0.5
better,coreutils::O2-noinline::cp,set_process_security_ctx,0.0,0.25
better,coreutils::O2-noinline::cp,set_file_security_ctx,0.2,0.4
better,coreutils::O2-noinline::cp,copy_reg,0.3235294117647059,0.35294117647058826
better,coreutils::O2-noinline::cp,copy_dir,0.15,0.2
better,coreutils::O2-noinline::cp,remember_copied,0.4,0.6
better,coreutils::O2-noinline::fmt,get_paragraph,0.0,0.3333333333333333
better,coreutils::O2-noinline::fmt,fmt,0.3333333333333333,0.6666666666666666
better,coreutils::O2-noinline::dir,queue_directory,0.25,0.75
better,coreutils::O2-noinline::dir,format_user_or_group_width,0.25,0.5
better,coreutils::O2-noinline::dir,get_link_name,0.3333333333333333,0.6666666666666666
better,coreutils::O2-noinline::dir,basename_is_dot_or_dotdot,0.0,0.5
better,coreutils::O2-noinline::dir,format_user_or_group,0.3333333333333333,0.5
better,coreutils::O2-noinline::dir,quote_name,0.2857142857142857,0.35714285714285715
better,coreutils::O2-noinline::dir,extract_dirs_from_files,0.125,0.25
better,coreutils::O2-noinline::date,batch_convert,0.3,0.4
better,coreutils::O2-noinline::head,elseek,0.3333333333333333,0.5
better,coreutils::O2-noinline::head,elide_tail_lines_pipe,0.15789473684210525,0.21052631578947367
better,coreutils::O2-noinline::head,head_lines,0.375,0.5
better,coreutils::O2-noinline::head,head_bytes,0.16666666666666666,0.3333333333333333
better,coreutils::O2-noinline::head,elide_tail_lines_seekable,0.4166666666666667,0.5
better,coreutils::O2-noinline::head,elide_tail_bytes_pipe,0.18518518518518517,0.2222222222222222
better,coreutils::O2-noinline::head,elide_tail_bytes_file,0.3333333333333333,0.4444444444444444
better,coreutils::O2-noinline::head,head,0.7142857142857143,0.8571428571428571
better,coreutils::O2-noinline::join,string_to_join_field,0.25,0.5
better,coreutils::O2-noinline::join,getseq,0.25,0.5
better,coreutils::O2-noinline::join,advance_seq,0.5,0.75
better,coreutils::O2-noinline::join,system_join,0.2,0.3333333333333333
better,coreutils::O2-noinline::ln,convert_abs_rel,0.0,0.16666666666666666
better,coreutils::O2-noinline::ln,relpath,0.125,0.375
better,coreutils::O2-noinline::mktemp,mkdtemp_len,0.5,0.75
better,coreutils::O2-noinline::mktemp,mkstemp_len,0.5,0.75
better,coreutils::O2-noinline::mkdir,process_dir,0.0,0.2
better,coreutils::O2-noinline::mkdir,announce_mkdir,0.0,0.3333333333333333
better,coreutils::O2-noinline::mkdir,make_ancestor,0.16666666666666666,0.3333333333333333
better,coreutils::O2-noinline::numfmt,simple_strtod_float,0.2727272727272727,0.36363636363636365
better,coreutils::O2-noinline::ginstall,process_dir,0.0,0.2
better,coreutils::O2-noinline::ginstall,announce_mkdir,0.0,0.3333333333333333
better,coreutils::O2-noinline::ginstall,make_ancestor,0.4,0.6
better,coreutils::O2-noinline::ginstall,copy_file,0.3333333333333333,0.5
better,coreutils::O2-noinline::ginstall,change_timestamps,0.2,0.4
better,coreutils::O2-noinline::ginstall,change_attributes,0.25,0.5
better,coreutils::O2-noinline::ginstall,install_file_in_file,0.6666666666666666,0.8333333333333334
better,coreutils::O2-noinline::ginstall,install_file_in_file_parents,0.0,0.6666666666666666
better,coreutils::O2-noinline::ginstall,install_file_in_dir,0.2727272727272727,0.36363636363636365
better,coreutils::O2-noinline::ginstall,overwrite_ok,0.25,0.375
better,coreutils::O2-noinline::ginstall,abandon_move,0.16666666666666666,0.3333333333333333
better,coreutils::O2-noinline::ginstall,create_hole,0.4,0.6
better,coreutils::O2-noinline::ginstall,sparse_copy,0.25,0.3333333333333333
better,coreutils::O2-noinline::ginstall,emit_verbose,0.0,0.6
better,coreutils::O2-noinline::ginstall,create_hard_link,0.25,0.5
better,coreutils::O2-noinline::ginstall,set_process_security_ctx,0.0,0.25
better,coreutils::O2-noinline::ginstall,set_file_security_ctx,0.2,0.4
better,coreutils::O2-noinline::ginstall,copy_reg,0.3235294117647059,0.35294117647058826
better,coreutils::O2-noinline::ginstall,copy_dir,0.15,0.2
better,coreutils::O2-noinline::ginstall,remember_copied,0.4,0.6
better,coreutils::O2-noinline::ls,queue_directory,0.25,0.75
better,coreutils::O2-noinline::ls,format_user_or_group_width,0.25,0.5
better,coreutils::O2-noinline::ls,get_link_name,0.3333333333333333,0.6666666666666666
better,coreutils::O2-noinline::ls,basename_is_dot_or_dotdot,0.0,0.5
better,coreutils::O2-noinline::ls,format_user_or_group,0.3333333333333333,0.5
better,coreutils::O2-noinline::ls,quote_name,0.2857142857142857,0.35714285714285715
better,coreutils::O2-noinline::ls,extract_dirs_from_files,0.125,0.25
better,coreutils::O2-noinline::od,parse_old_offset,0.3333333333333333,0.6666666666666666
better,coreutils::O2-noinline::od,write_block,0.15384615384615385,0.23076923076923078
better,coreutils::O2-noinline::ptx,digest_word_file,0.0,0.25
better,coreutils::O2-noinline::ptx,digest_break_file,0.0,0.16666666666666666
better,coreutils::O2-noinline::realpath,realpath_canon,0.0,0.25
better,coreutils::O2-noinline::realpath,process_path,0.0,0.3333333333333333
better,coreutils::O2-noinline::realpath,relpath,0.125,0.375
better,coreutils::O2-noinline::pr,main,0.5833333333333334,0.6666666666666666
better,coreutils::O2-noinline::pr,getoptnum,0.4,0.8
better,coreutils::O2-noinline::mv,overwrite_ok,0.25,0.375
better,coreutils::O2-noinline::mv,abandon_move,0.16666666666666666,0.3333333333333333
better,coreutils::O2-noinline::mv,create_hole,0.4,0.6
better,coreutils::O2-noinline::mv,sparse_copy,0.25,0.3333333333333333
better,coreutils::O2-noinline::mv,emit_verbose,0.0,0.6
better,coreutils::O2-noinline::mv,create_hard_link,0.25,0.5
better,coreutils::O2-noinline::mv,set_process_security_ctx,0.0,0.25
better,coreutils::O2-noinline::mv,set_file_security_ctx,0.2,0.4
better,coreutils::O2-noinline::mv,copy_reg,0.3235294117647059,0.35294117647058826
better,coreutils::O2-noinline::mv,copy_dir,0.15,0.2
better,coreutils::O2-noinline::mv,remember_copied,0.4,0.6
better,coreutils::O2-noinline::rmdir,ignorable_failure,0.0,0.5
better,coreutils::O2-noinline::seq,seq_fast,0.16666666666666666,0.20833333333333334
better,coreutils::O2-noinline::shred,wipename,0.23076923076923078,0.38461538461538464
better,coreutils::O2-noinline::shred,do_wipefd,0.2222222222222222,0.2777777777777778
better,coreutils::O2-noinline::shred,wipefile,0.16666666666666666,0.3333333333333333
better,coreutils::O2-noinline::shuf,read_input,0.2,0.3
better,coreutils::O2-noinline::split,closeout,0.3333333333333333,0.5555555555555556
better,coreutils::O2-noinline::tac,tac_seekable,0.08333333333333333,0.125
better,coreutils::O2-noinline::tac,copy_to_temp,0.25,0.375
better,coreutils::O2-noinline::tac,tac_nonseekable,0.3333333333333333,0.5
better,coreutils::O2-noinline::stdbuf,parse_size,0.5,0.75
better,coreutils::O2-noinline::stty,display_window_size,0.3333333333333333,0.6666666666666666
better,coreutils::O2-noinline::stty,set_speed,0.25,0.5
better,coreutils::O2-noinline::stty,set_window_size,0.2857142857142857,0.42857142857142855
better,coreutils::O2-noinline::stty,recover_mode,0.0,0.125
better,coreutils::O2-noinline::stty,apply_settings,0.14285714285714285,0.21428571428571427
better,coreutils::O2-noinline::sort,parse_field_count,0.6,0.8
better,coreutils::O2-noinline::sort,xfopen,0.0,0.6666666666666666
better,coreutils::O2-noinline::sort,write_line,0.125,0.25
better,coreutils::O2-noinline::sort,write_unique,0.0,0.6666666666666666
better,coreutils::O2-noinline::sort,mergelines_node,0.1,0.3
better,coreutils::O2-noinline::sort,merge_loop,0.2,0.6
better,coreutils::O2-noinline::sort,sortlines,0.26666666666666666,0.4
better,coreutils::O2-noinline::sort,fillbuf,0.21052631578947367,0.2631578947368421
better,coreutils::O2-noinline::sort,mergefps,0.15384615384615385,0.23076923076923078
better,coreutils::O2-noinline::sort,mergefiles,0.2857142857142857,0.5714285714285714
better,coreutils::O2-noinline::sort,merge,0.15,0.2
better,coreutils::O2-noinline::sort,sort,0.15,0.2
better,coreutils::O2-noinline::tail,start_lines,0.375,0.5
better,coreutils::O2-noinline::tail,dump_remainder,0.1111111111111111,0.2222222222222222
better,coreutils::O2-noinline::tail,start_bytes,0.42857142857142855,0.5714285714285714
better,coreutils::O2-noinline::tail,xlseek,0.2857142857142857,0.42857142857142855
better,coreutils::O2-noinline::tail,pipe_bytes,0.21428571428571427,0.2857142857142857
better,coreutils::O2-noinline::tail,pipe_lines,0.16666666666666666,0.2222222222222222
better,coreutils::O2-noinline::tail,fremote,0.0,0.16666666666666666
better,coreutils::O2-noinline::tr,append_char_class,0.16666666666666666,0.3333333333333333
better,coreutils::O2-noinline::tr,parse_str,0.0,0.3333333333333333
better,coreutils::O2-noinline::truncate,do_ftruncate,0.5,0.5833333333333334
better,coreutils::O2-noinline::tsort,new_item,0.0,0.5
better,coreutils::O2-noinline::stat,out_mount_point,0.2222222222222222,0.3333333333333333
better,coreutils::O2-noinline::stat,out_file_context,0.375,0.5
better,coreutils::O2-noinline::stat,do_statfs,0.25,0.5
better,coreutils::O2-noinline::stat,print_stat,0.21428571428571427,0.35714285714285715
better,coreutils::O2-noinline::stat,print_statfs,0.14285714285714285,0.21428571428571427
better,coreutils::O2-noinline::stat,do_stat,0.1,0.3
better,coreutils::O2-noinline::users,users,0.25,0.5
better,diffutils::O0::sdiff,expand_name,0.5,0.625
better,diffutils::O0::sdiff,lf_copy,0.25,0.5
better,diffutils::O0::sdiff,main,0.5789473684210527,0.8421052631578947
better,diffutils::O0::sdiff,edit,0.6956521739130435,0.7391304347826086
better,diffutils::O0::sdiff,interact,0.6,0.6666666666666666
better,coreutils::O2-noinline::touch,get_reldate,0.0,0.3333333333333333
better,coreutils::O2-noinline::wc,wc_lines,0.3333333333333333,0.4166666666666667
better,coreutils::O2-noinline::wc,wc_lines_avx2,0.2,0.26666666666666666
better,coreutils::O2-noinline::uptime,uptime,0.5,0.75
better,diffutils::O0::diff3,process_diff,0.5333333333333333,0.6666666666666666
better,coreutils::O2-noinline::who,who,0.5,0.75
better,diffutils::O2::sdiff,lf_copy,0.16666666666666666,0.3333333333333333
better,diffutils::O2::sdiff,edit,0.391304347826087,0.43478260869565216
better,diffutils::O2-noinline::sdiff,expand_name,0.25,0.375
better,diffutils::O2-noinline::sdiff,lf_copy,0.25,0.5
better,diffutils::O2-noinline::sdiff,edit,0.391304347826087,0.43478260869565216
better,diffutils::O2-noinline::sdiff,interact,0.26666666666666666,0.4666666666666667
better,diffutils::O0::diff,format_ifdef,0.6666666666666666,0.8333333333333334
better,diffutils::O0::diff,message,0.0,0.3333333333333333
better,diffutils::O0::diff,print_1_line,0.0,0.5
better,diffutils::O2-noinline::diff3,process_diff,0.125,0.25
better,coreutils::O2-noinline::vdir,queue_directory,0.25,0.75
better,coreutils::O2-noinline::vdir,format_user_or_group_width,0.25,0.5
better,coreutils::O2-noinline::vdir,get_link_name,0.3333333333333333,0.6666666666666666
better,coreutils::O2-noinline::vdir,basename_is_dot_or_dotdot,0.0,0.5
better,coreutils::O2-noinline::vdir,format_user_or_group,0.3333333333333333,0.5
better,coreutils::O2-noinline::vdir,quote_name,0.2857142857142857,0.35714285714285715
better,coreutils::O2-noinline::vdir,extract_dirs_from_files,0.125,0.25
better,gzip::O0::gzip,create_outfile,0.75,0.875
better,gzip::O0::gzip,open_input_file,0.5,0.6
better,gzip::O0::gzip,streamsavedir,0.5714285714285714,0.6428571428571429
better,gzip::O0::gzip,savedir,0.25,0.5
better,gzip::O0::gzip,utimens,0.0,0.5
better,grep::O0::grep,skipped_file,0.0,0.25
better,grep::O0::grep,print_line_middle,0.3,0.5
better,grep::O0::grep,print_line_tail,0.4,0.6
better,grep::O0::grep,grepfile,0.6666666666666666,0.8333333333333334
better,grep::O0::grep,get_nondigit_option,0.6666666666666666,0.7777777777777778
better,grep::O0::grep,fgrep_icase_charlen,0.7777777777777778,0.8888888888888888
better,grep::O0::grep,acexec,0.4,0.6
better,gzip::O2-noinline::gzip,flush_block,0.42857142857142855,0.5714285714285714
better,gzip::O2-noinline::gzip,write_buf,0.25,0.5
better,gzip::O2-noinline::gzip,file_read,0.3333333333333333,0.6666666666666666
better,gzip::O2-noinline::gzip,utimens,0.0,0.5
better,gzip::O2-noinline::gzip,x2nrealloc,0.5,0.75
better,gzip::O2-noinline::gzip,xpalloc,0.5,0.625
better,grep::O2-noinline::grep,get_nondigit_option,0.36363636363636365,0.45454545454545453
better,grep::O2-noinline::grep,fgrep_icase_charlen,0.3,0.4
better,grep::O2-noinline::grep,skipped_file,0.0,0.25
better,grep::O2-noinline::grep,print_line_middle,0.1111111111111111,0.3333333333333333
better,gzip::O2::gzip,flush_block,0.2,0.26666666666666666
better,gzip::O2::gzip,file_read,0.3333333333333333,0.6666666666666666
better,gzip::O2::gzip,utimens,0.0,0.5
better,shadow::O0::gpasswd,is_valid_user_list,0.6,0.8
better,findutils::O0::find,pred_fls,0.0,0.25
better,findutils::O0::find,pred_name_common,0.6,0.8
better,findutils::O0::find,pred_iname,0.0,0.3333333333333333
better,findutils::O0::find,pred_ls,0.0,0.3333333333333333
better,findutils::O0::find,pred_name,0.0,0.3333333333333333
better,findutils::O0::find,pred_ok,0.0,0.3333333333333333
better,findutils::O0::find,pred_okdir,0.0,0.3333333333333333
better,findutils::O0::find,pred_print0,0.0,0.3333333333333333
better,findutils::O0::find,initialize_wd_for_exec,0.3333333333333333,0.6666666666666666
better,findutils::O0::find,debug_stat,0.3333333333333333,0.6666666666666666
better,findutils::O0::find,checked_print_quoted,0.0,0.25
better,findutils::O0::find,do_fprintf,0.47368421052631576,0.5263157894736842
better,findutils::O0::find,pred_fprintf,0.125,0.25
better,findutils::O0::find,fallback_getfilecon,0.5,0.75
better,findutils::O0::find,optionh_getfilecon,0.5,0.75
better,findutils::O0::find,optionl_getfilecon,0.5,0.75
better,findutils::O0::find,optionp_getfilecon,0.3333333333333333,0.6666666666666666
better,findutils::O0::find,collect_arg,0.2,0.4
better,findutils::O0::find,collect_arg_stat_info,0.0,0.2
better,findutils::O0::find,parse_anewer,0.0,0.16666666666666666
better,findutils::O0::find,parse_cnewer,0.0,0.16666666666666666
better,findutils::O0::find,parse_exec,0.0,0.3333333333333333
better,findutils::O0::find,parse_execdir,0.0,0.3333333333333333
better,findutils::O0::find,parse_files0_from,0.0,0.25
better,findutils::O0::find,insert_fls,0.0,0.3333333333333333
better,findutils::O0::find,parse_fprint,0.0,0.2
better,findutils::O0::find,insert_fprint,0.0,0.3333333333333333
better,findutils::O0::find,parse_fstype,0.2,0.4
better,findutils::O0::find,parse_group,0.5555555555555556,0.6666666666666666
better,findutils::O0::find,parse_ilname,0.0,0.2
better,findutils::O0::find,parse_iname,0.0,0.2
better,findutils::O0::find,parse_iregex,0.0,0.3333333333333333
better,findutils::O0::find,parse_lname,0.0,0.2
better,findutils::O0::find,parse_maxdepth,0.0,0.3333333333333333
better,findutils::O0::find,parse_mindepth,0.0,0.3333333333333333
better,findutils::O0::find,parse_amin,0.0,0.3333333333333333
better,findutils::O0::find,parse_cmin,0.0,0.3333333333333333
better,findutils::O0::find,parse_mmin,0.0,0.3333333333333333
better,findutils::O0::find,parse_newer,0.0,0.16666666666666666
better,findutils::O0::find,parse_ok,0.0,0.3333333333333333
better,findutils::O0::find,parse_okdir,0.0,0.3333333333333333
better,findutils::O0::find,insert_path_check,0.375,0.5
better,findutils::O0::find,parse_path,0.0,0.3333333333333333
better,findutils::O0::find,parse_wholename,0.0,0.3333333333333333
better,findutils::O0::find,parse_ipath,0.0,0.3333333333333333
better,findutils::O0::find,parse_iwholename,0.0,0.3333333333333333
better,findutils::O0::find,parse_perm,0.4,0.5
better,findutils::O0::find,parse_regextype,0.0,0.25
better,findutils::O0::find,parse_regex,0.0,0.3333333333333333
better,findutils::O0::find,insert_regex,0.375,0.5
better,findutils::O0::find,parse_samefile,0.3,0.4
better,findutils::O0::find,parse_type,0.0,0.3333333333333333
better,findutils::O0::find,parse_used,0.125,0.25
better,findutils::O0::find,parse_user,0.5,0.625
better,findutils::O0::find,parse_xtype,0.0,0.3333333333333333
better,findutils::O0::find,insert_type,0.4444444444444444,0.5555555555555556
better,findutils::O0::find,get_num,0.0,0.5
better,findutils::O0::find,insert_num,0.2857142857142857,0.42857142857142855
better,diffutils::O2::diff,print_1_line,0.0,0.5
better,findutils::O2::find,pred_comma,0.0,0.3333333333333333
better,findutils::O2::find,pred_delete,0.0,0.25
better,findutils::O2::find,pred_empty,0.0,0.14285714285714285
better,findutils::O2::find,pred_ilname,0.0,0.125
better,findutils::O2::find,pred_iname,0.0,0.125
better,findutils::O2::find,pred_lname,0.0,0.125
better,findutils::O2::find,pred_ls,0.0,0.16666666666666666
better,findutils::O2::find,pred_name,0.0,0.125
better,findutils::O2::find,pred_negate,0.0,0.3333333333333333
better,findutils::O2::find,pred_newerXY,0.0,0.09090909090909091
better,findutils::O2::find,pred_ok,0.0,0.3333333333333333
better,findutils::O2::find,pred_okdir,0.0,0.3333333333333333
better,findutils::O2::find,pred_samefile,0.0,0.3333333333333333
better,findutils::O2::find,pred_xtype,0.0,0.2
better,findutils::O2::find,pred_context,0.2,0.4
better,findutils::O2::find,get_statinfo,0.0,0.5
better,findutils::O2::find,digest_mode,0.2,0.6
better,findutils::O2::find,apply_predicate,0.0,0.14285714285714285
better,findutils::O2::find,fatal_target_file_error,0.16666666666666666,0.3333333333333333
better,findutils::O2::find,fatal_nontarget_file_error,0.16666666666666666,0.3333333333333333
better,findutils::O2::find,do_fprintf,0.041666666666666664,0.08333333333333333
better,findutils::O2::find,pred_fprintf,0.0,0.125
better,findutils::O2::find,parse_xtype,0.0,0.3333333333333333
better,findutils::O2::find,parse_type,0.0,0.3333333333333333
better,findutils::O2::find,parse_okdir,0.0,0.3333333333333333
better,findutils::O2::find,parse_ok,0.0,0.3333333333333333
better,findutils::O2::find,parse_execdir,0.0,0.3333333333333333
better,findutils::O2::find,parse_exec,0.0,0.3333333333333333
better,findutils::O2::find,optionl_getfilecon,0.0,0.25
better,findutils::O2::find,parse_regex,0.0,0.3333333333333333
better,findutils::O2::find,parse_iregex,0.0,0.3333333333333333
better,shadow::O0::newgrp,find_matching_group,0.3333333333333333,0.6666666666666666
better,diffutils::O2-noinline::diff,format_ifdef,0.6666666666666666,0.8333333333333334
better,diffutils::O2-noinline::diff,print_1_line,0.0,0.5
better,shadow::O0::login,update_utmp,0.0,0.6
better,grep::O2::grep,grepfile,0.16666666666666666,0.3333333333333333
better,shadow::O0::newusers,add_group,0.4,0.5
better,findutils::O2-noinline::find,pred_name_common,0.4,0.6
better,findutils::O2-noinline::find,pred_delete,0.0,0.25
better,findutils::O2-noinline::find,pred_empty,0.0,0.14285714285714285
better,findutils::O2-noinline::find,pred_fls,0.0,0.25
better,findutils::O2-noinline::find,pred_fprint,0.0,0.3333333333333333
better,findutils::O2-noinline::find,pred_ilname,0.0,0.3333333333333333
better,findutils::O2-noinline::find,pred_iname,0.0,0.3333333333333333
better,findutils::O2-noinline::find,pred_lname,0.0,0.3333333333333333
better,findutils::O2-noinline::find,pred_name,0.0,0.3333333333333333
better,findutils::O2-noinline::find,pred_newerXY,0.0,0.2
better,findutils::O2-noinline::find,pred_ok,0.0,0.3333333333333333
better,findutils::O2-noinline::find,pred_okdir,0.0,0.3333333333333333
better,findutils::O2-noinline::find,pred_samefile,0.0,0.3333333333333333
better,findutils::O2-noinline::find,pred_xtype,0.0,0.2
better,findutils::O2-noinline::find,pred_context,0.2,0.4
better,findutils::O2-noinline::find,initialize_wd_for_exec,0.3333333333333333,0.6666666666666666
better,findutils::O2-noinline::find,debug_stat,0.2,0.4
better,findutils::O2-noinline::find,safely_quote_err_filename,0.0,0.5
better,findutils::O2-noinline::find,get_statinfo,0.0,0.6666666666666666
better,findutils::O2-noinline::find,digest_mode,0.2,0.6
better,findutils::O2-noinline::find,get_info,0.0,0.25
better,findutils::O2-noinline::find,checked_print_quoted,0.0,0.5
better,findutils::O2-noinline::find,pred_fprintf,0.0,0.14285714285714285
better,findutils::O2-noinline::find,collect_arg,0.0,0.2
better,findutils::O2-noinline::find,parse_files0_from,0.0,0.25
better,findutils::O2-noinline::find,optionh_getfilecon,0.0,0.25
better,findutils::O2-noinline::find,optionl_getfilecon,0.0,0.25
better,findutils::O2-noinline::find,insert_type,0.1111111111111111,0.2222222222222222
better,findutils::O2-noinline::find,parse_xtype,0.0,0.3333333333333333
better,findutils::O2-noinline::find,parse_type,0.0,0.3333333333333333
better,findutils::O2-noinline::find,insert_path_check,0.25,0.375
better,findutils::O2-noinline::find,parse_user,0.125,0.25
better,findutils::O2-noinline::find,parse_lname,0.0,0.2
better,findutils::O2-noinline::find,parse_ilname,0.0,0.2
better,findutils::O2-noinline::find,parse_used,0.14285714285714285,0.2857142857142857
better,findutils::O2-noinline::find,get_num,0.0,0.25
better,findutils::O2-noinline::find,insert_num,0.2857142857142857,0.42857142857142855
better,findutils::O2-noinline::find,collect_arg_stat_info,0.0,0.2
better,findutils::O2-noinline::find,parse_newer,0.0,0.16666666666666666
better,findutils::O2-noinline::find,parse_cnewer,0.0,0.16666666666666666
better,findutils::O2-noinline::find,parse_anewer,0.0,0.16666666666666666
better,findutils::O2-noinline::find,parse_samefile,0.1111111111111111,0.2222222222222222
better,findutils::O2-noinline::find,insert_regex,0.25,0.375
better,findutils::O2-noinline::find,parse_regex,0.0,0.3333333333333333
better,findutils::O2-noinline::find,parse_iregex,0.0,0.3333333333333333
better,findutils::O2-noinline::find,insert_fprint,0.0,0.3333333333333333
better,findutils::O2-noinline::find,insert_fls,0.0,0.3333333333333333
better,findutils::O2-noinline::find,parse_fprint,0.0,0.2
better,findutils::O2-noinline::find,parse_perm,0.08333333333333333,0.16666666666666666
better,findutils::O2-noinline::find,insert_exec_ok,0.05555555555555555,0.1111111111111111
better,findutils::O2-noinline::find,parse_okdir,0.0,0.3333333333333333
better,findutils::O2-noinline::find,parse_ok,0.0,0.3333333333333333
better,findutils::O2-noinline::find,parse_execdir,0.0,0.3333333333333333
better,findutils::O2-noinline::find,parse_exec,0.0,0.3333333333333333
better,findutils::O2-noinline::find,check_name_arg,0.0,0.6666666666666666
better,findutils::O2-noinline::find,parse_iname,0.0,0.2
better,findutils::O2-noinline::find,parse_group,0.1111111111111111,0.2222222222222222
better,findutils::O2-noinline::find,parse_regextype,0.0,0.25
better,findutils::O2-noinline::find,parse_fstype,0.16666666666666666,0.3333333333333333
better,shadow::O2::gpasswd,is_valid_user_list,0.0,0.14285714285714285
better,shadow::O0::usermod,prepend_range,0.0,0.25
better,shadow::O2-noinline::gpasswd,is_valid_user_list,0.0,0.14285714285714285
better,shadow::O2-noinline::newgrp,find_matching_group,0.0,0.3333333333333333
better,shadow::O2-noinline::newusers,add_group,0.21428571428571427,0.2857142857142857
better,shadow::O2-noinline::usermod,prepend_range,0.0,0.16666666666666666
better,tar::O0::tar,mv_begin_write,0.5,0.75
better,tar::O0::tar,next_decompress_program,0.0,0.5
better,tar::O0::tar,copy_string_unquote,0.3333333333333333,0.6666666666666666
better,tar::O0::tar,dump_dir0,0.7647058823529411,0.8823529411764706
better,tar::O0::tar,create_archive,0.5555555555555556,0.6666666666666666
better,tar::O0::tar,dump_file0,0.6111111111111112,0.6666666666666666
better,tar::O0::tar,excluded_name,0.42857142857142855,0.5714285714285714
better,tar::O0::tar,cvs_addfn,0.3333333333333333,0.5
better,tar::O0::tar,set_mode,0.6666666666666666,0.7777777777777778
better,tar::O0::tar,file_newer_p,0.0,0.25
better,tar::O0::tar,set_xattr,0.7142857142857143,0.8571428571428571
better,tar::O0::tar,extract_dir,0.6,0.7
better,tar::O0::tar,extract_file,0.7333333333333333,0.8
better,tar::O0::tar,extract_node,0.5,0.75
better,tar::O0::tar,extract_fifo,0.5,0.75
better,tar::O0::tar,prepare_to_extract,0.25,0.5
better,tar::O0::tar,xheader_list_append,0.0,0.5
better,tar::O0::tar,assign_time_option,0.4,0.6
better,tar::O0::tar,xheader_format_name,0.5714285714285714,0.6428571428571429
better,tar::O0::tar,xheader_xattr__add,0.3333333333333333,0.5
better,tar::O0::tar,decg,0.16666666666666666,0.5
better,tar::O0::tar,xheader_store,0.0,0.25
better,tar::O0::tar,xheader_print_n,0.4,0.5
better,tar::O0::tar,xheader_print,0.3333333333333333,0.6666666666666666
better,tar::O0::tar,code_string,0.0,0.5
better,tar::O0::tar,decode_string,0.0,0.5
better,tar::O0::tar,code_signed_num,0.5,0.6666666666666666
better,tar::O0::tar,code_num,0.3333333333333333,0.6666666666666666
better,tar::O0::tar,atime_coder,0.0,0.25
better,tar::O0::tar,atime_decoder,0.2,0.6
better,tar::O0::tar,gid_coder,0.0,0.25
better,tar::O0::tar,gid_decoder,0.2,0.6
better,tar::O0::tar,gname_coder,0.0,0.25
better,tar::O0::tar,gname_decoder,0.25,0.5
better,tar::O0::tar,linkpath_coder,0.0,0.25
better,tar::O0::tar,linkpath_decoder,0.25,0.5
better,tar::O0::tar,ctime_coder,0.0,0.25
better,tar::O0::tar,ctime_decoder,0.2,0.6
better,tar::O0::tar,mtime_coder,0.0,0.2
better,tar::O0::tar,mtime_decoder,0.2,0.6
better,tar::O0::tar,path_coder,0.0,0.25
better,tar::O0::tar,raw_path_decoder,0.0,0.5
better,tar::O0::tar,path_decoder,0.25,0.5
better,tar::O0::tar,sparse_path_decoder,0.25,0.5
better,tar::O0::tar,size_coder,0.0,0.25
better,tar::O0::tar,size_decoder,0.4,0.8
better,tar::O0::tar,uid_coder,0.0,0.25
better,tar::O0::tar,uid_decoder,0.2,0.6
better,tar::O0::tar,uname_coder,0.0,0.25
better,tar::O0::tar,uname_decoder,0.25,0.5
better,tar::O0::tar,sparse_size_coder,0.0,0.25
better,tar::O0::tar,sparse_size_decoder,0.4,0.8
better,tar::O0::tar,sparse_numblocks_coder,0.0,0.25
better,tar::O0::tar,sparse_numblocks_decoder,0.4,0.8
better,tar::O0::tar,sparse_offset_coder,0.0,0.2
better,tar::O0::tar,sparse_offset_decoder,0.6,0.8
better,tar::O0::tar,sparse_numbytes_coder,0.0,0.2
better,tar::O0::tar,dumpdir_coder,0.0,0.25
better,tar::O0::tar,volume_label_coder,0.0,0.25
better,tar::O0::tar,volume_label_decoder,0.25,0.5
better,tar::O0::tar,volume_size_coder,0.0,0.2
better,tar::O0::tar,volume_size_decoder,0.4,0.8
better,tar::O0::tar,volume_offset_coder,0.0,0.2
better,tar::O0::tar,volume_offset_decoder,0.4,0.8
better,tar::O0::tar,volume_filename_decoder,0.25,0.5
better,tar::O0::tar,xattr_selinux_coder,0.0,0.25
better,tar::O0::tar,xattr_selinux_decoder,0.25,0.5
better,tar::O0::tar,xattr_acls_a_coder,0.0,0.25
better,tar::O0::tar,xattr_acls_d_coder,0.0,0.25
better,tar::O0::tar,xattr_coder,0.0,0.16666666666666666
better,tar::O0::tar,sparse_major_coder,0.0,0.25
better,tar::O0::tar,sparse_major_decoder,0.2,0.6
better,tar::O0::tar,sparse_minor_coder,0.0,0.25
better,tar::O0::tar,sparse_minor_decoder,0.2,0.6
better,tar::O0::tar,attach_directory,0.0,0.3333333333333333
better,tar::O0::tar,note_directory,0.375,0.5
better,tar::O0::tar,find_directory,0.0,0.25
better,tar::O0::tar,scan_directory,0.35294117647058826,0.5882352941176471
better,tar::O0::tar,read_timespec,0.5,0.75
better,tar::O0::tar,try_purge_directory,0.5384615384615384,0.6923076923076923
better,tar::O0::tar,mode_from_header,0.6,0.8
better,tar::O0::tar,map_read,0.7222222222222222,0.7777777777777778
better,tar::O0::tar,assign_string,0.0,0.5
better,tar::O0::tar,blocking_write,0.6666666666666666,0.8333333333333334
better,tar::O0::tar,make_name,0.0,0.5
better,tar::O0::tar,addname,0.4,0.6
better,tar::O0::tar,add_starting_file,0.0,0.3333333333333333
better,tar::O0::tar,namelist_match,0.3333333333333333,0.6666666666666666
better,tar::O0::tar,regex_usage_warning,0.0,0.5
better,tar::O0::tar,find_compression_program,0.0,0.3333333333333333
better,tar::O0::tar,set_compression_program_by_suffix,0.0,0.3333333333333333
better,tar::O0::tar,strip_compression_suffix,0.25,0.5
better,tar::O0::tar,stat_to_env,0.3333333333333333,0.6666666666666666
better,tar::O0::tar,sys_exec_command,0.25,0.5
better,tar::O0::tar,parse_opt,0.3333333333333333,0.3888888888888889
better,tar::O0::tar,decode_options,0.3333333333333333,0.38095238095238093
better,tar::O0::tar,queue_deferred_unlink,0.2,0.4
better,tar::O0::tar,xattrs_xattrs_get,0.5,0.5833333333333334
better,tar::O0::tar,xattrs__fd_set,0.5,0.625
better,tar::O0::tar,xattrs_selinux_get,0.6,0.8
better,tar::O0::tar,xattrs_selinux_set,0.6,0.8
better,tar::O0::tar,xattrs_kw_excluded,0.0,0.5
better,tar::O0::tar,xattrs_xattrs_set,0.5,0.6666666666666666
better,tar::O2-noinline::tar,mv_begin_write,0.5,0.75
better,tar::O2-noinline::tar,next_decompress_program,0.0,0.5
better,tar::O2-noinline::tar,copy_string_unquote,0.0,0.16666666666666666
better,tar::O2-noinline::tar,get_stat_data,0.0,0.6666666666666666
better,tar::O2-noinline::tar,dump_file0,0.2777777777777778,0.3333333333333333
better,tar::O2-noinline::tar,cvs_addfn,0.16666666666666666,0.3333333333333333
better,tar::O2-noinline::tar,repair_delayed_set_stat,0.25,0.5
better,tar::O2-noinline::tar,set_mode,0.6666666666666666,0.7777777777777778
better,tar::O2-noinline::tar,extract_fifo,0.25,0.5
better,tar::O2-noinline::tar,extract_node,0.25,0.5
better,tar::O2-noinline::tar,extract_symlink,0.3333333333333333,0.6666666666666666
better,tar::O2-noinline::tar,extract_file,0.2857142857142857,0.35714285714285715
better,tar::O2-noinline::tar,prepare_to_extract,0.25,0.5
better,tar::O2-noinline::tar,extract_dir,0.1,0.2
better,tar::O2-noinline::tar,rename_directory,0.25,0.75
better,tar::O2-noinline::tar,assign_time_option,0.5,0.75
better,tar::O2-noinline::tar,xheader_list_append,0.0,0.5
better,tar::O2-noinline::tar,decode_string,0.0,0.5
better,tar::O2-noinline::tar,xattr_selinux_decoder,0.0,0.25
better,tar::O2-noinline::tar,volume_filename_decoder,0.0,0.25
better,tar::O2-noinline::tar,volume_label_decoder,0.0,0.25
better,tar::O2-noinline::tar,uname_decoder,0.0,0.25
better,tar::O2-noinline::tar,linkpath_decoder,0.0,0.25
better,tar::O2-noinline::tar,gname_decoder,0.0,0.25
better,tar::O2-noinline::tar,xheader_print_n,0.2,0.3
better,tar::O2-noinline::tar,xheader_print,0.3333333333333333,0.6666666666666666
better,tar::O2-noinline::tar,code_string,0.0,0.5
better,tar::O2-noinline::tar,xattr_coder,0.0,0.16666666666666666
better,tar::O2-noinline::tar,xattr_acls_d_coder,0.0,0.25
better,tar::O2-noinline::tar,xattr_acls_a_coder,0.0,0.25
better,tar::O2-noinline::tar,xheader_xattr__add,0.4,0.6
better,tar::O2-noinline::tar,decg,0.16666666666666666,0.5
better,tar::O2-noinline::tar,mtime_decoder,0.0,0.4
better,tar::O2-noinline::tar,ctime_decoder,0.0,0.4
better,tar::O2-noinline::tar,atime_decoder,0.0,0.4
better,tar::O2-noinline::tar,dumpdir_coder,0.0,0.25
better,tar::O2-noinline::tar,raw_path_decoder,0.0,0.5
better,tar::O2-noinline::tar,sparse_path_decoder,0.0,0.25
better,tar::O2-noinline::tar,path_decoder,0.0,0.25
better,tar::O2-noinline::tar,mtime_coder,0.0,0.2
better,tar::O2-noinline::tar,ctime_coder,0.0,0.25
better,tar::O2-noinline::tar,atime_coder,0.0,0.25
better,tar::O2-noinline::tar,gid_decoder,0.0,0.4
better,tar::O2-noinline::tar,uid_decoder,0.0,0.4
better,tar::O2-noinline::tar,gid_coder,0.0,0.25
better,tar::O2-noinline::tar,uid_coder,0.0,0.25
better,tar::O2-noinline::tar,code_num,0.3333333333333333,0.6666666666666666
better,tar::O2-noinline::tar,xheader_store,0.0,0.25
better,tar::O2-noinline::tar,find_directory,0.0,0.25
better,tar::O2-noinline::tar,attach_directory,0.0,0.3333333333333333
better,tar::O2-noinline::tar,note_directory,0.375,0.5
better,tar::O2-noinline::tar,read_timespec,0.5,0.75
better,tar::O2-noinline::tar,try_purge_directory,0.07692307692307693,0.15384615384615385
better,tar::O2-noinline::tar,print_for_mkdir,0.3333333333333333,0.5
better,tar::O2-noinline::tar,assign_string,0.0,0.5
better,tar::O2-noinline::tar,blocking_read,0.2,0.4
better,tar::O2-noinline::tar,blocking_write,0.16666666666666666,0.3333333333333333
better,tar::O2-noinline::tar,file_removed_diag,0.3333333333333333,0.6666666666666666
better,tar::O2-noinline::tar,tar_savedir,0.125,0.25
better,tar::O2-noinline::tar,handle_file_selection_option,0.3333333333333333,0.6666666666666666
better,tar::O2-noinline::tar,make_name,0.0,0.5
better,tar::O2-noinline::tar,regex_usage_warning,0.0,0.5
better,tar::O2-noinline::tar,add_starting_file,0.0,0.3333333333333333
better,tar::O2-noinline::tar,name_match,0.0,0.5
better,tar::O2-noinline::tar,name_scan,0.0,0.5
better,tar::O2-noinline::tar,find_compression_program,0.0,0.3333333333333333
better,tar::O2-noinline::tar,strip_compression_suffix,0.14285714285714285,0.2857142857142857
better,tar::O2-noinline::tar,stat_to_env,0.3333333333333333,0.6666666666666666
better,tar::O2-noinline::tar,sys_exec_command,0.25,0.5
better,tar::O2-noinline::tar,sys_exec_checkpoint_script,0.5,0.6666666666666666
better,tar::O2-noinline::tar,queue_deferred_unlink,0.0,0.2
better,tar::O2-noinline::tar,xattrs_xattrs_get,0.25,0.3333333333333333
better,tar::O2-noinline::tar,xattrs_selinux_get,0.2,0.4
better,tar::O2-noinline::tar,xattrs_selinux_set,0.2,0.4
better,tar::O2-noinline::tar,xattrs_xattrs_set,0.3333333333333333,0.5
better,tar::O2::tar,copy_string_unquote,0.0,0.16666666666666666
better,tar::O2::tar,dump_file0,0.043478260869565216,0.06521739130434782
better,tar::O2::tar,cvs_addfn,0.16666666666666666,0.3333333333333333
better,tar::O2::tar,extract_fifo,0.25,0.5
better,tar::O2::tar,extract_node,0.25,0.5
better,tar::O2::tar,extract_symlink,0.3333333333333333,0.6666666666666666
better,tar::O2::tar,assign_time_option,0.3333333333333333,0.5
better,tar::O2::tar,xheader_xattr__add,0.4,0.6
better,tar::O2::tar,mtime_decoder,0.0,0.4
better,tar::O2::tar,ctime_decoder,0.0,0.4
better,tar::O2::tar,atime_decoder,0.0,0.4
better,tar::O2::tar,gid_decoder,0.0,0.4
better,tar::O2::tar,uid_decoder,0.0,0.4
better,tar::O2::tar,size_decoder,0.1,0.3
better,tar::O2::tar,volume_size_decoder,0.1,0.3
better,tar::O2::tar,sparse_minor_decoder,0.0,0.2
better,tar::O2::tar,sparse_major_decoder,0.0,0.2
better,tar::O2::tar,volume_offset_decoder,0.1,0.3
better,tar::O2::tar,sparse_size_decoder,0.0,0.2
better,tar::O2::tar,sparse_numblocks_decoder,0.1,0.3
better,tar::O2::tar,decg,0.1,0.3
better,tar::O2::tar,code_string,0.0,0.2857142857142857
better,tar::O2::tar,xattr_coder,0.0,0.16666666666666666
better,tar::O2::tar,xattr_acls_d_coder,0.0,0.25
better,tar::O2::tar,xattr_acls_a_coder,0.0,0.25
better,tar::O2::tar,dumpdir_coder,0.0,0.25
better,tar::O2::tar,mtime_coder,0.0,0.125
better,tar::O2::tar,ctime_coder,0.0,0.14285714285714285
better,tar::O2::tar,atime_coder,0.0,0.14285714285714285
better,tar::O2::tar,sparse_offset_coder,0.0,0.125
better,tar::O2::tar,sparse_major_coder,0.0,0.16666666666666666
better,tar::O2::tar,sparse_minor_coder,0.0,0.16666666666666666
better,tar::O2::tar,volume_size_coder,0.0,0.125
better,tar::O2::tar,uid_coder,0.0,0.1111111111111111
better,tar::O2::tar,sparse_numblocks_coder,0.0,0.16666666666666666
better,tar::O2::tar,gid_coder,0.0,0.1111111111111111
better,tar::O2::tar,sparse_numbytes_coder,0.0,0.125
better,tar::O2::tar,volume_filename_decoder,0.0,0.2
better,tar::O2::tar,volume_label_decoder,0.0,0.2
better,tar::O2::tar,linkpath_decoder,0.0,0.16666666666666666
better,tar::O2::tar,xattr_selinux_decoder,0.0,0.16666666666666666
better,tar::O2::tar,uname_decoder,0.0,0.16666666666666666
better,tar::O2::tar,gname_decoder,0.0,0.16666666666666666
better,tar::O2::tar,sparse_path_decoder,0.0,0.16666666666666666
better,tar::O2::tar,path_decoder,0.0,0.16666666666666666
better,tar::O2::tar,find_directory,0.0,0.25
better,tar::O2::tar,note_directory,0.25,0.3333333333333333
better,tar::O2::tar,read_timespec,0.5,0.75
better,tar::O2::tar,purge_directory,0.0,0.07142857142857142
better,tar::O2::tar,print_for_mkdir,0.3333333333333333,0.5
better,tar::O2::tar,blocking_read,0.2,0.4
better,tar::O2::tar,blocking_write,0.16666666666666666,0.3333333333333333
better,tar::O2::tar,file_removed_diag,0.3333333333333333,0.6666666666666666
better,tar::O2::tar,tar_savedir,0.125,0.25
better,tar::O2::tar,regex_usage_warning,0.0,0.5
better,tar::O2::tar,addname,0.2857142857142857,0.42857142857142855
better,tar::O2::tar,add_starting_file,0.0,0.2
better,tar::O2::tar,name_match,0.0,0.5
better,tar::O2::tar,set_compression_program_by_suffix,0.0,0.16666666666666666
better,tar::O2::tar,strip_compression_suffix,0.14285714285714285,0.2857142857142857
better,tar::O2::tar,sys_exec_checkpoint_script,0.5,0.6666666666666666
better,tar::O2::tar,confirm,0.18181818181818182,0.2727272727272727
better,tar::O2::tar,queue_deferred_unlink,0.0,0.125
better,tar::O2::tar,xattrs_xattrs_get,0.25,0.3333333333333333
better,tar::O2::tar,xattrs_selinux_get,0.2,0.4
better,tar::O2::tar,xattrs_selinux_set,0.2,0.4
better,tar::O2::tar,xattrs_xattrs_set,0.3333333333333333,0.5
worse,coreutils::O0::tail,tail_forever,0.8125,0.75
worse,grep::O2-noinline::grep,buf_has_encoding_errors,0.4,0.2
