slice,function,round_e,round_f,delta
bzip2::O0::bzip2,addFlagsFromEnvVar,0.7143,0.8571,0.1429
bzip2::O0::bzip2,default_bzalloc,0.5,0.75,0.25
bzip2::O0::bzip2,fileExists,0.6667,1.0,0.3333
bzip2::O0::bzip2,fopen_output_safely,0.75,1.0,0.25
bzip2::O0::bzip2,myMalloc,0.5,1.0,0.5
bzip2::O0::bzip2recover,main,0.8333,0.8889,0.0556
coreutils::O0::[,binary_operator,0.619,0.7143,0.0952
coreutils::O0::[,unary_operator,0.6667,0.7778,0.1111
coreutils::O0::basename,perform_basename,0.75,1.0,0.25
coreutils::O0::cat,main,0.7308,0.7692,0.0385
coreutils::O0::chcon,compute_context_from_mask,0.4,0.6,0.2
coreutils::O0::chcon,process_file,0.1429,0.4286,0.2857
coreutils::O0::chgrp,change_file_owner,0.5455,0.6364,0.0909
coreutils::O0::chgrp,describe_change,0.6667,0.7778,0.1111
coreutils::O0::chgrp,gid_to_name,0.5,1.0,0.5
coreutils::O0::chgrp,main,0.75,0.8333,0.0833
coreutils::O0::chgrp,uid_to_name,0.5,1.0,0.5
coreutils::O0::chmod,describe_change,0.625,0.875,0.25
coreutils::O0::chmod,mode_changed,0.8333,1.0,0.1667
coreutils::O0::chmod,process_file,0.3,0.5,0.2
coreutils::O0::chown,change_file_owner,0.5455,0.6364,0.0909
coreutils::O0::chown,describe_change,0.6667,0.7778,0.1111
coreutils::O0::chown,gid_to_name,0.5,1.0,0.5
coreutils::O0::chown,uid_to_name,0.5,1.0,0.5
coreutils::O0::chroot,is_root,0.6667,1.0,0.3333
coreutils::O0::cp,abandon_move,0.1667,0.3333,0.1667
coreutils::O0::cp,copy,0.3,0.4,0.1
coreutils::O0::cp,copy_attr_quote,0.0,0.5,0.5
coreutils::O0::cp,copy_internal,0.6032,0.6508,0.0476
coreutils::O0::cp,create_hard_link,0.3636,0.6364,0.2727
coreutils::O0::cp,create_hole,0.8,1.0,0.2
coreutils::O0::cp,decode_preserve_arg,0.4444,0.5556,0.1111
coreutils::O0::cp,emit_verbose,0.0,1.0,1.0
coreutils::O0::cp,lseek_copy,0.7,0.8,0.1
coreutils::O0::cp,overwrite_ok,0.3333,0.5,0.1667
coreutils::O0::cp,same_file_ok,0.8125,0.875,0.0625
coreutils::O0::cp,set_owner,0.6471,0.7059,0.0588
coreutils::O0::cp,set_process_security_ctx,0.625,0.75,0.125
coreutils::O0::cp,source_is_dst_backup,0.7273,0.9091,0.1818
coreutils::O0::cp,sparse_copy,0.625,0.7083,0.0833
coreutils::O0::csplit,check_for_offset,0.0,0.3333,0.3333
coreutils::O0::csplit,extract_regexp,0.625,0.75,0.125
coreutils::O0::cut,set_fields,0.8462,0.9231,0.0769
coreutils::O0::date,main,0.6,0.72,0.12
coreutils::O0::dd,cache_round,0.5,0.6667,0.1667
coreutils::O0::dd,parse_symbols,0.5,0.625,0.125
coreutils::O0::dd,print_xfer_stats,0.5,0.6429,0.1429
coreutils::O0::dd,set_fd_flags,0.7143,0.8571,0.1429
coreutils::O0::dd,skip,0.7,0.8,0.1
coreutils::O0::df,get_device,0.5714,0.8571,0.2857
coreutils::O0::df,get_point,0.5,0.7,0.2
coreutils::O0::df,last_device_for_mount,0.2,0.6,0.4
coreutils::O0::dir,abformat_init,0.5556,0.7778,0.2222
coreutils::O0::dir,align_nstrftime,0.5714,0.7143,0.1429
coreutils::O0::dir,basename_is_dot_or_dotdot,0.5,1.0,0.5
coreutils::O0::dir,cmp_extension,0.1667,0.5,0.3333
coreutils::O0::dir,decode_switches,0.6875,0.8125,0.125
coreutils::O0::dir,extract_dirs_from_files,0.625,0.75,0.125
coreutils::O0::dir,file_escape,0.75,1.0,0.25
coreutils::O0::dir,file_failure,0.6667,1.0,0.3333
coreutils::O0::dir,is_colored,0.6667,1.0,0.3333
coreutils::O0::dir,known_term_type,0.5,1.0,0.5
coreutils::O0::dir,make_link_name,0.75,1.0,0.25
coreutils::O0::dir,parse_ls_color,0.2222,0.3333,0.1111
coreutils::O0::dir,print_dir,0.6429,0.7857,0.1429
coreutils::O0::dir,print_name_with_quoting,0.5,0.625,0.125
coreutils::O0::dir,push_current_dired_pos,0.5,1.0,0.5
coreutils::O0::dircolors,dc_parse_stream,0.9333,1.0,0.0667
coreutils::O0::dircolors,guess_shell_syntax,0.0,1.0,1.0
coreutils::O0::du,process_file,0.3529,0.4118,0.0588
coreutils::O0::env,build_argv,0.7778,0.8889,0.1111
coreutils::O0::env,list_signal_handling,0.4286,0.8571,0.4286
coreutils::O0::env,parse_block_signal_params,0.6667,0.8333,0.1667
coreutils::O0::env,parse_signal_action_params,0.7143,0.8571,0.1429
coreutils::O0::expand,parse_tab_stops,0.8889,1.0,0.1111
coreutils::O0::expr,docolon,0.2222,0.3333,0.1111
coreutils::O0::expr,eval6,0.3,0.4,0.1
coreutils::O0::expr,toarith,0.0,0.5,0.5
coreutils::O0::factor,lbuf_putc,0.6,0.8,0.2
coreutils::O0::fmt,check_punctuation,0.5,0.75,0.25
coreutils::O0::fmt,fmt,0.6667,1.0,0.3333
coreutils::O0::fmt,main,0.7778,1.0,0.2222
coreutils::O0::getlimits,decimal_absval_add_one,0.6,0.8,0.2
coreutils::O0::ginstall,abandon_move,0.1667,0.3333,0.1667
coreutils::O0::ginstall,announce_mkdir,0.3333,0.6667,0.3333
coreutils::O0::ginstall,change_timestamps,0.2,0.4,0.2
coreutils::O0::ginstall,copy,0.3,0.4,0.1
coreutils::O0::ginstall,copy_attr_quote,0.0,0.5,0.5
coreutils::O0::ginstall,copy_internal,0.6032,0.6508,0.0476
coreutils::O0::ginstall,create_hard_link,0.3636,0.6364,0.2727
coreutils::O0::ginstall,create_hole,0.8,1.0,0.2
coreutils::O0::ginstall,emit_verbose,0.0,1.0,1.0
coreutils::O0::ginstall,lseek_copy,0.7,0.8,0.1
coreutils::O0::ginstall,make_ancestor,0.6,0.8,0.2
coreutils::O0::ginstall,overwrite_ok,0.3333,0.5,0.1667
coreutils::O0::ginstall,same_file_ok,0.8125,0.875,0.0625
coreutils::O0::ginstall,set_owner,0.6471,0.7059,0.0588
coreutils::O0::ginstall,set_process_security_ctx,0.625,0.75,0.125
coreutils::O0::ginstall,source_is_dst_backup,0.7273,0.9091,0.1818
coreutils::O0::ginstall,sparse_copy,0.625,0.7083,0.0833
coreutils::O0::head,diagnose_copy_fd_failure,0.5,1.0,0.5
coreutils::O0::head,elide_tail_bytes_file,0.7778,0.8889,0.1111
coreutils::O0::head,elide_tail_bytes_pipe,0.8929,0.9286,0.0357
coreutils::O0::head,elide_tail_lines_file,0.6667,0.8333,0.1667
coreutils::O0::head,elide_tail_lines_pipe,0.5,0.625,0.125
coreutils::O0::head,elide_tail_lines_seekable,0.75,0.8333,0.0833
coreutils::O0::head,elseek,0.6667,0.8333,0.1667
coreutils::O0::head,head_bytes,0.3333,0.5,0.1667
coreutils::O0::head,head_lines,0.75,0.875,0.125
coreutils::O0::head,main,0.625,0.8125,0.1875
coreutils::O0::join,add_file_name,0.7,0.8,0.1
coreutils::O0::kill,print_table_row,0.8,1.0,0.2
coreutils::O0::libstdbuf,stdbuf,0.0,1.0,1.0
coreutils::O0::ln,convert_abs_rel,0.3333,0.8333,0.5
coreutils::O0::ls,abformat_init,0.5556,0.7778,0.2222
coreutils::O0::ls,align_nstrftime,0.5714,0.7143,0.1429
coreutils::O0::ls,basename_is_dot_or_dotdot,0.5,1.0,0.5
coreutils::O0::ls,cmp_extension,0.1667,0.5,0.3333
coreutils::O0::ls,decode_switches,0.6875,0.8125,0.125
coreutils::O0::ls,extract_dirs_from_files,0.625,0.75,0.125
coreutils::O0::ls,file_escape,0.75,1.0,0.25
coreutils::O0::ls,file_failure,0.6667,1.0,0.3333
coreutils::O0::ls,is_colored,0.6667,1.0,0.3333
coreutils::O0::ls,known_term_type,0.5,1.0,0.5
coreutils::O0::ls,make_link_name,0.75,1.0,0.25
coreutils::O0::ls,parse_ls_color,0.2222,0.3333,0.1111
coreutils::O0::ls,print_dir,0.6429,0.7857,0.1429
coreutils::O0::ls,print_name_with_quoting,0.5,0.625,0.125
coreutils::O0::ls,push_current_dired_pos,0.5,1.0,0.5
coreutils::O0::make-prime-list,xalloc,0.5,1.0,0.5
coreutils::O0::mkdir,announce_mkdir,0.3333,0.6667,0.3333
coreutils::O0::mkdir,make_ancestor,0.6667,0.8333,0.1667
coreutils::O0::mktemp,main,0.8261,0.9565,0.1304
coreutils::O0::mv,abandon_move,0.1667,0.3333,0.1667
coreutils::O0::mv,copy,0.3,0.4,0.1
coreutils::O0::mv,copy_attr_quote,0.0,0.5,0.5
coreutils::O0::mv,copy_internal,0.6032,0.6508,0.0476
coreutils::O0::mv,create_hard_link,0.3636,0.6364,0.2727
coreutils::O0::mv,create_hole,0.8,1.0,0.2
coreutils::O0::mv,do_move,0.1538,0.2308,0.0769
coreutils::O0::mv,emit_verbose,0.0,1.0,1.0
coreutils::O0::mv,lseek_copy,0.7,0.8,0.1
coreutils::O0::mv,overwrite_ok,0.3333,0.5,0.1667
coreutils::O0::mv,prompt,0.4375,0.5625,0.125
coreutils::O0::mv,same_file_ok,0.8125,0.875,0.0625
coreutils::O0::mv,set_owner,0.6471,0.7059,0.0588
coreutils::O0::mv,set_process_security_ctx,0.625,0.75,0.125
coreutils::O0::mv,source_is_dst_backup,0.7273,0.9091,0.1818
coreutils::O0::mv,sparse_copy,0.625,0.7083,0.0833
coreutils::O0::nl,build_type_arg,0.2,0.4,0.2
coreutils::O0::nohup,main,0.9,0.95,0.05
coreutils::O0::numfmt,next_field,0.3333,0.6667,0.3333
coreutils::O0::numfmt,process_suffixed_number,0.8889,1.0,0.1111
coreutils::O0::numfmt,set_fields,0.8462,0.9231,0.0769
coreutils::O0::numfmt,simple_strtod_fatal,0.6667,1.0,0.3333
coreutils::O0::od,decode_one_format,0.6429,0.7143,0.0714
coreutils::O0::od,format_address_std,0.6,0.8,0.2
coreutils::O0::pathchk,portable_chars_only,0.6667,0.8333,0.1667
coreutils::O0::pathchk,validate_file_name,0.8696,0.9565,0.087
coreutils::O0::pinky,create_fullname,0.8889,1.0,0.1111
coreutils::O0::pinky,print_entry,0.4615,0.6923,0.2308
coreutils::O0::pinky,print_long_entry,0.2143,0.7143,0.5
coreutils::O0::pinky,short_pinky,0.4,0.6,0.2
coreutils::O0::pr,print_stored,0.5,0.6667,0.1667
coreutils::O0::pr,read_rest_of_line,0.3333,0.6667,0.3333
coreutils::O0::pr,skip_read,0.5714,0.7143,0.1429
coreutils::O0::printf,print_formatted,0.8,0.8667,0.0667
coreutils::O0::ptx,compile_regex,0.0,0.25,0.25
coreutils::O0::ptx,define_all_fields,0.6471,0.8824,0.2353
coreutils::O0::ptx,digest_word_file,0.4,0.6,0.2
coreutils::O0::pwd,logical_getcwd,0.75,1.0,0.25
coreutils::O0::pwd,main,0.6667,0.8333,0.1667
coreutils::O0::readlink,main,0.75,0.875,0.125
coreutils::O0::realpath,realpath_canon,0.5,1.0,0.5
coreutils::O0::rm,diagnose_leading_hyphen,0.6,0.8,0.2
coreutils::O0::rm,prompt,0.4375,0.5625,0.125
coreutils::O0::rmdir,main,0.7273,1.0,0.2727
coreutils::O0::seq,incr,0.5,0.75,0.25
coreutils::O0::seq,long_double_format,0.6667,0.7778,0.1111
coreutils::O0::seq,scan_arg,0.5,0.6667,0.1667
coreutils::O0::seq,trim_leading_zeros,0.5,1.0,0.5
coreutils::O0::shred,dorewind,0.5,0.25,-0.25
coreutils::O0::shred,incname,0.25,0.5,0.25
coreutils::O0::shred,main,0.7,0.8,0.1
coreutils::O0::shred,wipename,0.5385,0.6923,0.1538
coreutils::O0::shuf,input_from_argv,0.7143,0.8571,0.1429
coreutils::O0::sort,async_safe_die,0.75,0.875,0.125
coreutils::O0::sort,badfieldspec,0.5,1.0,0.5
coreutils::O0::sort,begfield,0.5,0.6667,0.1667
coreutils::O0::sort,check,0.4667,0.5333,0.0667
coreutils::O0::sort,compare_random,0.5556,0.6667,0.1111
coreutils::O0::sort,create_temp_file,0.3636,0.4545,0.0909
coreutils::O0::sort,inittables,0.6667,0.8333,0.1667
coreutils::O0::sort,limfield,0.5,0.6667,0.1667
coreutils::O0::sort,main,0.6279,0.7209,0.093
coreutils::O0::sort,mergefps,0.5385,0.5769,0.0385
coreutils::O0::sort,write_line,0.625,0.875,0.25
coreutils::O0::split,closeout,0.7778,0.8889,0.1111
coreutils::O0::stat,main,0.8,0.9,0.1
coreutils::O0::stat,make_format,0.7143,0.8571,0.1429
coreutils::O0::stat,out_epoch_sec,0.8,0.84,0.04
coreutils::O0::stat,out_file_context,0.8,1.0,0.2
coreutils::O0::stat,out_mount_point,0.6667,0.7778,0.1111
coreutils::O0::stat,print_it,0.6667,0.7333,0.0667
coreutils::O0::stat,print_stat,0.2857,0.4286,0.1429
coreutils::O0::stdbuf,set_program_path,0.75,1.0,0.25
coreutils::O0::stty,apply_settings,0.5,0.5714,0.0714
coreutils::O0::stty,display_all,0.4286,0.7143,0.2857
coreutils::O0::stty,display_changed,0.5714,0.7143,0.1429
coreutils::O0::stty,display_settings,0.3333,0.6667,0.3333
coreutils::O0::stty,display_window_size,0.0,0.3333,0.3333
coreutils::O0::stty,sane_mode,0.25,0.5,0.25
coreutils::O0::stty,set_mode,0.0,0.25,0.25
coreutils::O0::stty,set_window_size,0.5,0.75,0.25
coreutils::O0::tac,copy_to_temp,0.5,0.625,0.125
coreutils::O0::tac,main,0.6667,0.8889,0.2222
coreutils::O0::tac,tac_nonseekable,0.6667,0.8333,0.1667
coreutils::O0::tac,tac_seekable,0.8095,0.9524,0.1429
coreutils::O0::tac,temp_stream,0.1429,0.4286,0.2857
coreutils::O0::tail,check_fspec,0.5,0.6667,0.1667
coreutils::O0::tail,close_fd,0.5,1.0,0.5
coreutils::O0::tail,fremote,0.6667,0.8333,0.1667
coreutils::O0::tail,parse_obsolete_option,0.7692,0.9231,0.1538
coreutils::O0::tail,pipe_bytes,0.6364,0.7273,0.0909
coreutils::O0::tail,pipe_lines,0.4667,0.5333,0.0667
coreutils::O0::tail,start_bytes,0.7143,0.8571,0.1429
coreutils::O0::tail,start_lines,0.625,0.75,0.125
coreutils::O0::tail,tail_forever,0.8125,0.875,0.0625
coreutils::O0::tail,tail_lines,1.0,0.875,-0.125
coreutils::O0::tail,xlseek,0.5714,0.7143,0.1429
coreutils::O0::tee,tee_files,0.6364,0.7273,0.0909
coreutils::O0::test,binary_operator,0.619,0.7143,0.0952
coreutils::O0::test,unary_operator,0.6667,0.7778,0.1111
coreutils::O0::touch,main,0.6364,0.7273,0.0909
coreutils::O0::tr,build_spec_list,0.5,0.5714,0.0714
coreutils::O0::tr,find_bracketed_repeat,0.7273,0.8182,0.0909
coreutils::O0::tr,make_printable_char,0.5,1.0,0.5
coreutils::O0::truncate,do_ftruncate,0.9167,1.0,0.0833
coreutils::O0::truncate,main,0.9375,1.0,0.0625
coreutils::O0::unexpand,parse_tab_stops,0.8889,1.0,0.1111
coreutils::O0::uptime,uptime,0.5,0.75,0.25
coreutils::O0::users,users,0.5,0.75,0.25
coreutils::O0::vdir,abformat_init,0.5556,0.7778,0.2222
coreutils::O0::vdir,align_nstrftime,0.5714,0.7143,0.1429
coreutils::O0::vdir,basename_is_dot_or_dotdot,0.5,1.0,0.5
coreutils::O0::vdir,cmp_extension,0.1667,0.5,0.3333
coreutils::O0::vdir,decode_switches,0.6875,0.8125,0.125
coreutils::O0::vdir,extract_dirs_from_files,0.625,0.75,0.125
coreutils::O0::vdir,file_escape,0.75,1.0,0.25
coreutils::O0::vdir,file_failure,0.6667,1.0,0.3333
coreutils::O0::vdir,is_colored,0.6667,1.0,0.3333
coreutils::O0::vdir,known_term_type,0.5,1.0,0.5
coreutils::O0::vdir,make_link_name,0.75,1.0,0.25
coreutils::O0::vdir,parse_ls_color,0.2222,0.3333,0.1111
coreutils::O0::vdir,print_dir,0.6429,0.7857,0.1429
coreutils::O0::vdir,print_name_with_quoting,0.5,0.625,0.125
coreutils::O0::vdir,push_current_dired_pos,0.5,1.0,0.5
coreutils::O0::wc,wc_lines,0.75,0.8333,0.0833
coreutils::O0::wc,wc_lines_avx2,0.1071,0.1429,0.0357
coreutils::O0::who,list_entries_who,0.6,0.8,0.2
coreutils::O0::who,make_id_equals_comment,0.25,0.75,0.5
coreutils::O0::who,who,0.5,0.75,0.25
coreutils::O0::whoami,main,0.8,1.0,0.2
coreutils::O0::yes,main,0.6923,0.7692,0.0769
coreutils::O2-noinline::cat,cat,0.4,0.44,0.04
coreutils::O2-noinline::chmod,main,0.5,0.6429,0.1429
coreutils::O2-noinline::cp,copy,0.3,0.4,0.1
coreutils::O2-noinline::df,get_device,0.2857,0.3571,0.0714
coreutils::O2-noinline::dir,quote_name,0.4286,0.5,0.0714
coreutils::O2-noinline::env,build_argv,0.3333,0.4444,0.1111
coreutils::O2-noinline::ginstall,copy,0.3,0.4,0.1
coreutils::O2-noinline::ginstall,copy_file,0.5,0.6667,0.1667
coreutils::O2-noinline::ls,quote_name,0.4286,0.5,0.0714
coreutils::O2-noinline::mv,copy,0.3,0.4,0.1
coreutils::O2-noinline::printf,print_direc,0.5333,0.6,0.0667
coreutils::O2-noinline::ptx,define_all_fields,0.0588,0.1765,0.1176
coreutils::O2-noinline::sort,key_warnings,0.375,0.4167,0.0417
coreutils::O2-noinline::sort,sort,0.25,0.3,0.05
coreutils::O2-noinline::stat,do_stat,0.3,0.4,0.1
coreutils::O2-noinline::stat,make_format,0.3333,0.4444,0.1111
coreutils::O2-noinline::vdir,quote_name,0.4286,0.5,0.0714
coreutils::O2::cat,main,0.4583,0.5,0.0417
coreutils::O2::chmod,main,0.3684,0.4737,0.1053
coreutils::O2::env,main,0.1081,0.1351,0.027
coreutils::O2::ginstall,install_file_in_file,0.16,0.12,-0.04
coreutils::O2::printf,main,0.4211,0.4737,0.0526
coreutils::O2::split,main,0.1111,0.0988,-0.0123
coreutils::O2::stat,do_stat,0.25,0.3125,0.0625
coreutils::O2::stat,make_format,0.3333,0.4444,0.1111
coreutils::O2::stat,print_stat,0.0556,0.0648,0.0093
coreutils::O2::tail,file_lines,0.375,0.4375,0.0625
coreutils::O2::uniq,main,0.2,0.2333,0.0333
diffutils::O0::cmp,cmp,0.5227,0.6591,0.1364
diffutils::O0::diff,add_regexp,0.6667,0.7778,0.1111
diffutils::O0::diff,analyze_hunk,0.6296,0.8519,0.2222
diffutils::O0::diff,begin_output,0.5,0.75,0.25
diffutils::O0::diff,c_escape,0.9,1.0,0.1
diffutils::O0::diff,compare_files,0.5,0.6364,0.1364
diffutils::O0::diff,compare_names_for_qsort,0.1429,0.4286,0.2857
diffutils::O0::diff,diff_dirs,0.5333,0.6,0.0667
diffutils::O0::diff,find_and_hash_each_line,0.7037,0.8148,0.1111
diffutils::O0::diff,find_function,0.7143,0.8571,0.1429
diffutils::O0::diff,parse_diff_color,0.2222,0.3333,0.1111
diffutils::O0::diff,prepare_text,0.5,0.6667,0.1667
diffutils::O0::diff,print_1_line_nl,0.5556,0.7778,0.2222
diffutils::O0::diff,print_1sdiff_line,0.6667,0.7778,0.1111
diffutils::O0::diff,print_context_label,0.625,0.75,0.125
diffutils::O0::diff,scan_char_literal,0.8571,0.7143,-0.1429
diffutils::O0::diff,tab_from_to,0.8,1.0,0.2
diffutils::O0::diff,zalloc,0.5,1.0,0.5
diffutils::O0::diff3,dotlines,0.6667,0.8333,0.1667
diffutils::O0::diff3,output_diff3,0.5789,0.6316,0.0526
diffutils::O0::sdiff,ck_fopen,0.6667,1.0,0.3333
diffutils::O0::sdiff,expand_name,0.625,0.875,0.25
diffutils::O0::sdiff,temporary_file,0.25,1.0,0.75
diffutils::O2-noinline::cmp,cmp,0.2093,0.2326,0.0233
diffutils::O2-noinline::diff,compare_files,0.1071,0.1429,0.0357
diffutils::O2-noinline::diff,dir_read,0.1538,0.2308,0.0769
diffutils::O2-noinline::diff,find_and_hash_each_line,0.2581,0.3548,0.0968
diffutils::O2-noinline::diff,print_half_line,0.25,0.3125,0.0625
diffutils::O2-noinline::diff,print_ifdef_lines,0.3,0.4,0.1
diffutils::O2::cmp,main,0.2143,0.2321,0.0179
diffutils::O2::diff,compare_files,0.1071,0.1429,0.0357
diffutils::O2::diff,dir_read,0.1538,0.2308,0.0769
diffutils::O2::diff,print_ifdef_lines,0.3,0.4,0.1
findutils::O0::find,apply_predicate,0.0,0.3333,0.3333
findutils::O0::find,check_name_arg,0.3333,1.0,0.6667
findutils::O0::find,checked_print_quoted,0.25,0.5,0.25
findutils::O0::find,digest_mode,0.4,0.8,0.4
findutils::O0::find,estimate_fstype_success_rate,0.5,0.75,0.25
findutils::O0::find,fatal_nontarget_file_error,0.5,1.0,0.5
findutils::O0::find,fatal_target_file_error,0.5,1.0,0.5
findutils::O0::find,find_parser,0.6667,1.0,0.3333
findutils::O0::find,get_info,0.25,0.5,0.25
findutils::O0::find,get_statinfo,0.0,0.6667,0.6667
findutils::O0::find,is_feasible_path_argument,0.6667,1.0,0.3333
findutils::O0::find,match_lname,0.3333,0.6667,0.3333
findutils::O0::find,nonfatal_nontarget_file_error,0.5,1.0,0.5
findutils::O0::find,nonfatal_target_file_error,0.5,1.0,0.5
findutils::O0::find,parse_daystart,0.0,0.25,0.25
findutils::O0::find,partial_quotearg_n,0.6667,1.0,0.3333
findutils::O0::find,pred_and,0.0,0.3333,0.3333
findutils::O0::find,pred_comma,0.0,0.3333,0.3333
findutils::O0::find,pred_context,0.4,0.6,0.2
findutils::O0::find,pred_delete,0.25,0.5,0.25
findutils::O0::find,pred_empty,0.2857,0.4286,0.1429
findutils::O0::find,pred_exec,0.0,0.3333,0.3333
findutils::O0::find,pred_fls,0.25,0.5,0.25
findutils::O0::find,pred_fprint,0.0,0.3333,0.3333
findutils::O0::find,pred_fprint0,0.25,0.5,0.25
findutils::O0::find,pred_ilname,0.0,0.3333,0.3333
findutils::O0::find,pred_lname,0.0,0.3333,0.3333
findutils::O0::find,pred_name_common,0.8,1.0,0.2
findutils::O0::find,pred_negate,0.0,0.3333,0.3333
findutils::O0::find,pred_newerXY,0.1667,0.3333,0.1667
findutils::O0::find,pred_or,0.0,0.3333,0.3333
findutils::O0::find,pred_print,0.0,0.3333,0.3333
findutils::O0::find,pred_samefile,0.0,0.3333,0.3333
findutils::O0::find,pred_xtype,0.0,0.2,0.2
findutils::O0::find,record_exec_dir,0.25,0.5,0.25
findutils::O0::find,report_file_err,0.5,0.75,0.25
findutils::O0::find,safely_quote_err_filename,0.5,1.0,0.5
grep::O0::grep,Pexecute,0.7,0.85,0.15
grep::O0::grep,acexec_trans,0.4118,0.4706,0.0588
grep::O0::grep,fgrep_to_grep_pattern,0.625,0.75,0.125
grep::O0::grep,kwsfree,0.0,0.3333,0.3333
grep::O0::grep,kwsmusts,0.3333,0.6667,0.3333
grep::O0::grep,memchr_kwset,0.6667,0.8333,0.1667
grep::O0::grep,parse_grep_colors,0.6667,0.8333,0.1667
grep::O2::grep,GEAcompile,0.2683,0.2927,0.0244
grep::O2::grep,main,0.1923,0.1795,-0.0128
gzip::O0::gzip,add_envopt,0.5,0.625,0.125
gzip::O0::gzip,create_outfile,0.875,1.0,0.125
gzip::O0::gzip,do_list,0.4286,0.5714,0.1429
gzip::O0::gzip,get_suffix,0.5455,0.6364,0.0909
gzip::O0::gzip,make_ofname,0.0,1.0,1.0
gzip::O0::gzip,savedir,0.5,0.75,0.25
gzip::O0::gzip,treat_dir,0.625,0.875,0.25
gzip::O0::gzip,treat_file,0.8571,1.0,0.1429
gzip::O0::gzip,xrealloc,0.6667,1.0,0.3333
gzip::O0::gzip,xreallocarray,0.75,1.0,0.25
shadow::O0::chage,close_files,0.5,1.0,0.5
shadow::O0::chage,fail_exit,0.6,1.0,0.4
shadow::O0::chage,main,0.6,0.7,0.1
shadow::O0::chage,open_files,0.4,0.8,0.4
shadow::O0::check_subid_range,main,0.8333,1.0,0.1667
shadow::O0::chfn,fail_exit,0.6667,1.0,0.3333
shadow::O0::chfn,main,0.5556,0.7778,0.2222
shadow::O0::chfn,update_gecos,0.4,0.7,0.3
shadow::O0::chgpasswd,close_files,0.5,1.0,0.5
shadow::O0::chgpasswd,fail_exit,0.6,1.0,0.4
shadow::O0::chgpasswd,main,0.3333,0.4667,0.1333
shadow::O0::chpasswd,close_files,0.5,1.0,0.5
shadow::O0::chpasswd,fail_exit,0.6,1.0,0.4
shadow::O0::chpasswd,main,0.4286,0.5714,0.1429
shadow::O0::chsh,fail_exit,0.6667,1.0,0.3333
shadow::O0::chsh,main,0.625,0.75,0.125
shadow::O0::chsh,shell_is_listed,0.6667,1.0,0.3333
shadow::O0::chsh,update_shell,0.4167,0.75,0.3333
shadow::O0::expiry,main,0.5,0.6667,0.1667
shadow::O0::faillog,print,0.0,1.0,1.0
shadow::O0::faillog,reset,0.6667,1.0,0.3333
shadow::O0::faillog,set_locktime,0.75,1.0,0.25
shadow::O0::faillog,setmax,0.75,1.0,0.25
shadow::O0::gpasswd,change_passwd,0.1667,0.3333,0.1667
shadow::O0::gpasswd,get_group,0.3333,0.5833,0.25
shadow::O0::gpasswd,log_gpasswd_failure,0.5333,1.0,0.4667
shadow::O0::gpasswd,log_gpasswd_success,0.5333,1.0,0.4667
shadow::O0::gpasswd,main,0.5,0.7,0.2
shadow::O0::gpasswd,open_files,0.5,1.0,0.5
shadow::O0::groupadd,close_files,0.5,1.0,0.5
shadow::O0::groupadd,open_files,0.5,1.0,0.5
shadow::O0::groupadd,process_flags,0.6,0.8,0.2
shadow::O0::groupdel,close_files,0.5,1.0,0.5
shadow::O0::groupdel,open_files,0.5,1.0,0.5
shadow::O0::groupmems,close_files,0.5,1.0,0.5
shadow::O0::groupmems,fail_exit,0.6,1.0,0.4
shadow::O0::groupmems,whoami,0.0,1.0,1.0
shadow::O0::groupmod,close_files,0.5,1.0,0.5
shadow::O0::groupmod,open_files,0.5,1.0,0.5
shadow::O0::groups,main,0.6667,0.8889,0.2222
shadow::O0::groups,print_groups,0.6,0.8,0.2
shadow::O0::grpck,check_grp_file,0.2143,0.3571,0.1429
shadow::O0::grpck,check_members,0.7,0.8,0.1
shadow::O0::grpck,close_files,0.6,1.0,0.4
shadow::O0::grpck,fail_exit,0.6,1.0,0.4
shadow::O0::grpck,open_files,0.5,1.0,0.5
shadow::O0::grpconv,fail_exit,0.6,1.0,0.4
shadow::O0::grpconv,main,0.4,0.6667,0.2667
shadow::O0::grpunconv,fail_exit,0.6,1.0,0.4
shadow::O0::grpunconv,main,0.4615,0.7692,0.3077
shadow::O0::id,main,0.7692,0.9231,0.1538
shadow::O0::login,init_env,0.0,1.0,1.0
shadow::O0::login,update_utmp,0.6,0.8,0.2
shadow::O0::logoutd,send_mesg_to_tty,0.7143,1.0,0.2857
shadow::O0::newgrp,check_perms,0.3636,0.7273,0.3636
shadow::O0::newgrp,main,0.6087,0.8261,0.2174
shadow::O0::newusers,close_files,0.5,1.0,0.5
shadow::O0::newusers,fail_exit,0.5385,1.0,0.4615
shadow::O0::nologin,main,0.75,1.0,0.25
shadow::O0::passwd,fail_exit,0.6,1.0,0.4
shadow::O0::passwd,main,0.5385,0.8462,0.3077
shadow::O0::passwd,print_status,0.0,0.3333,0.3333
shadow::O0::passwd,update_noshadow,0.375,0.625,0.25
shadow::O0::passwd,update_shadow,0.4,0.7,0.3
shadow::O0::pwck,check_pw_file,0.2857,0.4286,0.1429
shadow::O0::pwck,close_files,0.5556,1.0,0.4444
shadow::O0::pwck,fail_exit,0.6,1.0,0.4
shadow::O0::pwck,open_files,0.6,1.0,0.4
shadow::O0::pwconv,fail_exit,0.6,1.0,0.4
shadow::O0::pwconv,main,0.4375,0.75,0.3125
shadow::O0::pwunconv,fail_exit,0.6,1.0,0.4
shadow::O0::pwunconv,main,0.4615,0.7692,0.3077
shadow::O0::su,check_perms_pam,0.5,0.875,0.375
shadow::O0::su,main,0.6111,0.9444,0.3333
shadow::O0::su,process_flags,0.5714,0.8571,0.2857
shadow::O0::su,restricted_shell,0.5,1.0,0.5
shadow::O0::su,set_environment,0.0,0.25,0.25
shadow::O0::su,su_failure,0.75,1.0,0.25
shadow::O0::sulogin,main,0.6667,0.8333,0.1667
shadow::O0::useradd,close_files,0.5,1.0,0.5
shadow::O0::useradd,close_group_files,0.5,1.0,0.5
shadow::O0::useradd,fail_exit,0.5294,1.0,0.4706
shadow::O0::useradd,faillog_reset,0.6364,0.9091,0.2727
shadow::O0::useradd,get_defaults,0.5455,0.7273,0.1818
shadow::O0::useradd,grp_add,0.25,0.5,0.25
shadow::O0::useradd,grp_update,0.375,0.6875,0.3125
shadow::O0::useradd,lastlog_reset,0.6667,0.9167,0.25
shadow::O0::useradd,process_flags,0.6,0.8,0.2
shadow::O0::useradd,set_defaults,0.6667,0.9167,0.25
shadow::O0::useradd,unlock_group_files,0.5,1.0,0.5
shadow::O0::useradd,usr_update,0.4286,0.7143,0.2857
shadow::O0::userdel,close_files,0.5,1.0,0.5
shadow::O0::userdel,fail_exit,0.5385,1.0,0.4615
shadow::O0::userdel,remove_mailbox,0.6154,1.0,0.3846
shadow::O0::userdel,remove_usergroup,0.3333,0.5,0.1667
shadow::O0::userdel,update_groups,0.4,0.5,0.1
shadow::O0::usermod,close_files,0.5,1.0,0.5
shadow::O0::usermod,fail_exit,0.5385,1.0,0.4615
shadow::O0::usermod,new_pw_passwd,0.5556,0.8889,0.3333
shadow::O0::usermod,new_pwent,0.4545,0.8182,0.3636
shadow::O0::usermod,new_spent,0.4286,0.7143,0.2857
shadow::O0::usermod,update_group,0.5385,0.7692,0.2308
shadow::O0::usermod,update_gshadow,0.5625,0.8125,0.25
shadow::O0::vipw,create_backup_file,0.5714,0.7143,0.1429
shadow::O0::vipw,vipwexit,0.8333,1.0,0.1667
shadow::O2-noinline::newgrp,main,0.0645,0.0968,0.0323
shadow::O2-noinline::useradd,get_defaults,0.0526,0.1053,0.0526
shadow::O2::useradd,get_defaults,0.0526,0.1053,0.0526
tar::O0::tar,acls_one_line,0.3913,0.4348,0.0435
tar::O0::tar,add_file_id,0.6,0.8,0.2
tar::O0::tar,add_volume_label,0.0,0.6667,0.6667
tar::O0::tar,append_incremental_renames,0.1333,0.2,0.0667
tar::O0::tar,check_label_pattern,0.6667,1.0,0.3333
tar::O0::tar,close_diag,0.0,1.0,1.0
tar::O0::tar,closeout_volume_number,0.0,1.0,1.0
tar::O0::tar,confirm,0.5714,0.7143,0.1429
tar::O0::tar,copy_name,0.3333,0.6667,0.3333
tar::O0::tar,copy_string_unquote,0.6667,1.0,0.3333
tar::O0::tar,create_archive,0.6667,0.7778,0.1111
tar::O0::tar,dec_to_env,0.5,0.75,0.25
tar::O0::tar,diff_dumpdir,0.25,0.5,0.25
tar::O0::tar,diff_file,0.25,0.5,0.25
tar::O0::tar,dump_dir,0.0,0.5,0.5
tar::O0::tar,dump_file,0.0,0.5,0.5
tar::O0::tar,dump_hard_link,0.1667,0.3333,0.1667
tar::O0::tar,enforce_one_top_level,0.5,0.75,0.25
tar::O0::tar,exclusion_tag_warning,0.3333,1.0,0.6667
tar::O0::tar,expand_pax_option,0.2647,0.2941,0.0294
tar::O0::tar,file_removed_diag,0.0,0.3333,0.3333
tar::O0::tar,find_compression_suffix,0.6,0.8,0.2
tar::O0::tar,flush_deferred_unlinks,0.375,0.5,0.125
tar::O0::tar,getarg,0.5,0.6667,0.1667
tar::O0::tar,getwidth,0.5,0.75,0.25
tar::O0::tar,gid_to_chars,0.6667,1.0,0.3333
tar::O0::tar,gid_to_gname,0.3333,0.6667,0.3333
tar::O0::tar,gname_to_gid,0.6667,1.0,0.3333
tar::O0::tar,hg_addfn,0.4286,0.7143,0.2857
tar::O0::tar,info_attach_exclist,0.2,0.3,0.1
tar::O0::tar,label_notfound,0.0,0.5,0.5
tar::O0::tar,major_to_chars,0.6667,1.0,0.3333
tar::O0::tar,make_directories,0.7778,0.8889,0.1111
tar::O0::tar,makedumpdir,0.5455,0.6364,0.0909
tar::O0::tar,maketagdumpdir,0.3333,0.6667,0.3333
tar::O0::tar,minor_to_chars,0.6667,1.0,0.3333
tar::O0::tar,mode_to_chars,0.8,1.0,0.2
tar::O0::tar,name_to_gid,0.5,1.0,0.5
tar::O0::tar,name_to_uid,0.5,1.0,0.5
tar::O0::tar,normalize_filename,0.6667,0.8333,0.1667
tar::O0::tar,normalize_filename_x,0.8,1.0,0.2
tar::O0::tar,obstack_code_rename,0.3571,0.4286,0.0714
tar::O0::tar,off_to_chars,0.6667,1.0,0.3333
tar::O0::tar,open_diag,0.0,1.0,1.0
tar::O0::tar,out_of_range_header,0.5,0.75,0.25
tar::O0::tar,pax_dump_header_1,0.7273,0.7727,0.0455
tar::O0::tar,print_for_mkdir,0.4,0.6,0.2
tar::O0::tar,quote_n_colon,0.5,1.0,0.5
tar::O0::tar,read_diag_details,0.6667,1.0,0.3333
tar::O0::tar,read_name_from_file,0.6,0.8,0.2
tar::O0::tar,read_obstack,0.5556,1.0,0.4444
tar::O0::tar,readlink_diag,0.0,1.0,1.0
tar::O0::tar,rebase_child_list,0.4286,0.7143,0.2857
tar::O0::tar,remove_any_file,0.7778,0.8889,0.1111
tar::O0::tar,repair_delayed_set_stat,0.25,0.5,0.25
tar::O0::tar,report_textual_dates,0.0,0.25,0.25
tar::O0::tar,savedir_diag,0.0,1.0,1.0
tar::O0::tar,seek_diag_details,0.5,1.0,0.5
tar::O0::tar,simple_print_header,0.4706,0.5294,0.0588
tar::O0::tar,sparse_numbytes_coder,0.2,0.4,0.2
tar::O0::tar,sparse_offset_coder,0.2,0.4,0.2
tar::O0::tar,stat_diag,0.0,1.0,1.0
tar::O0::tar,store_rename,0.2,0.3,0.1
tar::O0::tar,sys_exec_checkpoint_script,0.6667,0.8333,0.1667
tar::O0::tar,tar_help_filter,0.1923,0.2308,0.0385
tar::O0::tar,tar_list_quoting_styles,0.5,1.0,0.5
tar::O0::tar,test_archive_label,0.0,1.0,1.0
tar::O0::tar,time_to_chars,0.6667,1.0,0.3333
tar::O0::tar,to_chars,0.6667,0.7778,0.1111
tar::O0::tar,try_purge_directory,0.6923,0.8462,0.1538
tar::O0::tar,uid_to_chars,0.6667,1.0,0.3333
tar::O0::tar,uid_to_uname,0.3333,0.6667,0.3333
tar::O0::tar,uintmax_to_chars,0.6667,1.0,0.3333
tar::O0::tar,uname_to_uid,0.6667,1.0,0.3333
tar::O0::tar,unknown_file_error,0.0,1.0,1.0
tar::O0::tar,update_archive,0.4,0.6,0.2
tar::O0::tar,volume_offset_coder,0.2,0.4,0.2
tar::O0::tar,volume_size_coder,0.2,0.4,0.2
tar::O0::tar,write_directory_file,0.0,0.6667,0.6667
tar::O0::tar,write_fatal_details,0.6667,1.0,0.3333
tar::O0::tar,x_obstack_1grow,0.25,0.75,0.5
tar::O0::tar,x_obstack_blank,0.4,0.8,0.4
tar::O0::tar,x_obstack_grow,0.3333,0.6667,0.3333
tar::O0::tar,xattr_coder,0.1667,0.3333,0.1667
tar::O0::tar,xexec,0.5,1.0,0.5
tar::O0::tar,xheader_destroy,0.0,0.3333,0.3333
tar::O0::tar,xheader_format_name,0.6429,0.7143,0.0714
tar::O0::tar,xheader_ghdr_name,0.3333,0.6667,0.3333
tar::O0::tar,xheader_set_option,0.6667,1.0,0.3333
tar::O0::tar,xheader_xattr_add,0.4286,0.7143,0.2857
tar::O0::tar,xheader_xattr_copy,0.4286,0.5714,0.1429
tar::O2-noinline::tar,_single_transform_name_to_obstack,0.129,0.1613,0.0323
tar::O2-noinline::tar,dump_file,0.0,0.5,0.5
tar::O2-noinline::tar,off_to_chars,0.6667,1.0,0.3333
tar::O2-noinline::tar,time_to_chars,0.6667,1.0,0.3333
tar::O2-noinline::tar,to_chars,0.4444,0.5556,0.1111
tar::O2::tar,purge_directory,0.0714,0.1429,0.0714
tar::O2::tar,to_chars_subst,0.3478,0.3913,0.0435
