slice,function,round_b,round_c,delta
bzip2::O0::bzip2,BZ2_blockSort,0.5455,0.6364,0.0909
bzip2::O0::bzip2,BZ2_bzWriteClose,0.2,0.8,0.6
bzip2::O0::bzip2,BZ2_bzdopen,0.5,1.0,0.5
bzip2::O0::bzip2,BZ2_bzopen,0.0,1.0,1.0
bzip2::O0::bzip2,compress,0.8571,1.0,0.1429
bzip2::O0::bzip2,panic,0.0,1.0,1.0
bzip2::O0::bzip2,redundant,0.0,1.0,1.0
bzip2::O0::bzip2,testf,0.75,1.0,0.25
bzip2::O0::bzip2,uncompress,0.9,1.0,0.1
bzip2::O0::bzip2,usage,0.0,1.0,1.0
bzip2::O2-noinline::bzip2,BZ2_bzdopen,0.5,1.0,0.5
bzip2::O2-noinline::bzip2,BZ2_bzopen,0.0,1.0,1.0
bzip2::O2-noinline::bzip2,panic,0.0,0.5,0.5
bzip2::O2-noinline::bzip2,redundant,0.0,0.5,0.5
bzip2::O2-noinline::bzip2,testf,0.0909,0.1818,0.0909
bzip2::O2-noinline::bzip2,uncompress,0.0345,0.069,0.0345
bzip2::O2-noinline::bzip2,usage,0.0,0.3333,0.3333
bzip2::O2::bzip2,BZ2_bzdopen,0.5,1.0,0.5
bzip2::O2::bzip2,BZ2_bzopen,0.0,1.0,1.0
bzip2::O2::bzip2,compressStream,0.3333,0.3704,0.037
bzip2::O2::bzip2,panic,0.0,0.5,0.5
bzip2::O2::bzip2,redundant,0.0,0.5,0.5
bzip2::O2::bzip2,testf,0.0667,0.1333,0.0667
bzip2::O2::bzip2,usage,0.0,0.3333,0.3333
coreutils::O0::basename,perform_basename,0.25,0.75,0.5
coreutils::O0::cat,main,0.6923,0.7308,0.0385
coreutils::O0::chcon,change_file_context,0.75,0.875,0.125
coreutils::O0::chgrp,describe_change,0.2222,0.6667,0.4444
coreutils::O0::chown,describe_change,0.2222,0.6667,0.4444
coreutils::O0::chown,main,0.6111,0.6667,0.0556
coreutils::O0::chroot,main,0.7308,0.7692,0.0385
coreutils::O0::chroot,parse_additional_groups,0.75,0.8333,0.0833
coreutils::O0::cksum,output_crc,0.375,0.5,0.125
coreutils::O0::cp,computecon,0.4444,0.5556,0.1111
coreutils::O0::cp,copy_dir,0.25,0.3,0.05
coreutils::O0::cp,copy_internal,0.5714,0.6032,0.0317
coreutils::O0::cp,copy_reg,0.6857,0.7143,0.0286
coreutils::O0::cp,create_hard_link,0.2727,0.3636,0.0909
coreutils::O0::cp,decode_preserve_arg,0.3333,0.4444,0.1111
coreutils::O0::cp,dir_name,0.0,0.5,0.5
coreutils::O0::cp,do_copy,0.5312,0.625,0.0938
coreutils::O0::cp,remember_copied,0.4,0.6,0.2
coreutils::O0::cp,set_file_security_ctx,0.6,0.8,0.2
coreutils::O0::cp,set_process_security_ctx,0.5,0.625,0.125
coreutils::O0::date,batch_convert,0.6,0.8,0.2
coreutils::O0::dd,ifd_reopen,0.8,1.0,0.2
coreutils::O0::dd,operand_is,0.0,1.0,1.0
coreutils::O0::df,decode_output_arg,0.5714,0.7143,0.1429
coreutils::O0::df,dir_name,0.0,0.5,0.5
coreutils::O0::df,get_dev,0.6,0.6667,0.0667
coreutils::O0::df,get_entry,0.0,0.5,0.5
coreutils::O0::df,get_header,0.6923,0.8462,0.1538
coreutils::O0::dir,align_nstrftime,0.2857,0.5714,0.2857
coreutils::O0::dir,basename_is_dot_or_dotdot,0.0,0.5,0.5
coreutils::O0::dir,decode_line_length,0.5,1.0,0.5
coreutils::O0::dir,extract_dirs_from_files,0.5,0.625,0.125
coreutils::O0::dir,format_user_or_group,0.8,1.0,0.2
coreutils::O0::dir,format_user_or_group_width,0.6667,1.0,0.3333
coreutils::O0::dir,get_link_name,0.3333,0.6667,0.3333
coreutils::O0::dir,print_dir,0.5714,0.6429,0.0714
coreutils::O0::dir,queue_directory,0.25,0.75,0.5
coreutils::O0::dir,quote_name,0.4286,0.5714,0.1429
coreutils::O0::dir,rev_strcmp_df_atime,0.0,1.0,1.0
coreutils::O0::dir,rev_strcmp_df_btime,0.0,1.0,1.0
coreutils::O0::dir,rev_strcmp_df_ctime,0.0,1.0,1.0
coreutils::O0::dir,rev_strcmp_df_extension,0.0,1.0,1.0
coreutils::O0::dir,rev_strcmp_df_mtime,0.0,1.0,1.0
coreutils::O0::dir,rev_strcmp_df_name,0.0,1.0,1.0
coreutils::O0::dir,rev_strcmp_df_size,0.0,1.0,1.0
coreutils::O0::dir,rev_strcmp_df_width,0.0,1.0,1.0
coreutils::O0::dir,rev_xstrcoll_df_atime,0.0,1.0,1.0
coreutils::O0::dir,rev_xstrcoll_df_btime,0.0,1.0,1.0
coreutils::O0::dir,rev_xstrcoll_df_ctime,0.0,1.0,1.0
coreutils::O0::dir,rev_xstrcoll_df_extension,0.0,1.0,1.0
coreutils::O0::dir,rev_xstrcoll_df_mtime,0.0,1.0,1.0
coreutils::O0::dir,rev_xstrcoll_df_name,0.0,1.0,1.0
coreutils::O0::dir,rev_xstrcoll_df_size,0.0,1.0,1.0
coreutils::O0::dir,rev_xstrcoll_df_version,0.0,1.0,1.0
coreutils::O0::dir,rev_xstrcoll_df_width,0.0,1.0,1.0
coreutils::O0::dir,strcmp_df_atime,0.0,1.0,1.0
coreutils::O0::dir,strcmp_df_btime,0.0,1.0,1.0
coreutils::O0::dir,strcmp_df_ctime,0.0,1.0,1.0
coreutils::O0::dir,strcmp_df_extension,0.0,1.0,1.0
coreutils::O0::dir,strcmp_df_mtime,0.0,1.0,1.0
coreutils::O0::dir,strcmp_df_name,0.0,1.0,1.0
coreutils::O0::dir,strcmp_df_size,0.0,1.0,1.0
coreutils::O0::dir,strcmp_df_width,0.0,1.0,1.0
coreutils::O0::dir,xstrcoll_df_atime,0.0,1.0,1.0
coreutils::O0::dir,xstrcoll_df_btime,0.0,1.0,1.0
coreutils::O0::dir,xstrcoll_df_ctime,0.0,1.0,1.0
coreutils::O0::dir,xstrcoll_df_extension,0.0,1.0,1.0
coreutils::O0::dir,xstrcoll_df_mtime,0.0,1.0,1.0
coreutils::O0::dir,xstrcoll_df_name,0.0,1.0,1.0
coreutils::O0::dir,xstrcoll_df_size,0.0,1.0,1.0
coreutils::O0::dir,xstrcoll_df_version,0.0,1.0,1.0
coreutils::O0::dir,xstrcoll_df_width,0.0,1.0,1.0
coreutils::O0::dircolors,append_entry,0.0909,0.2727,0.1818
coreutils::O0::du,print_size,0.0,0.5,0.5
coreutils::O0::du,show_date,0.1667,0.3333,0.1667
coreutils::O0::env,operand2sig,0.875,1.0,0.125
coreutils::O0::env,parse_block_signal_params,0.5,0.6667,0.1667
coreutils::O0::env,parse_signal_action_params,0.5714,0.7143,0.1429
coreutils::O0::env,parse_split_string,0.625,0.75,0.125
coreutils::O0::expr,str_value,0.0,0.5,0.5
coreutils::O0::fmt,get_paragraph,0.3333,0.6667,0.3333
coreutils::O0::ginstall,announce_mkdir,0.0,0.3333,0.3333
coreutils::O0::ginstall,change_attributes,0.5,0.75,0.25
coreutils::O0::ginstall,computecon,0.4444,0.5556,0.1111
coreutils::O0::ginstall,copy_dir,0.25,0.3,0.05
coreutils::O0::ginstall,copy_file,0.3333,0.6667,0.3333
coreutils::O0::ginstall,copy_internal,0.5714,0.6032,0.0317
coreutils::O0::ginstall,copy_reg,0.6857,0.7143,0.0286
coreutils::O0::ginstall,create_hard_link,0.2727,0.3636,0.0909
coreutils::O0::ginstall,dir_name,0.0,0.5,0.5
coreutils::O0::ginstall,install_file_in_dir,0.3636,0.5455,0.1818
coreutils::O0::ginstall,install_file_in_file,0.6667,0.8333,0.1667
coreutils::O0::ginstall,install_file_in_file_parents,0.0,0.6667,0.6667
coreutils::O0::ginstall,make_ancestor,0.4,0.6,0.2
coreutils::O0::ginstall,process_dir,0.2,0.6,0.4
coreutils::O0::ginstall,remember_copied,0.4,0.6,0.2
coreutils::O0::ginstall,set_file_security_ctx,0.6,0.8,0.2
coreutils::O0::ginstall,set_process_security_ctx,0.5,0.625,0.125
coreutils::O0::head,head,0.8571,1.0,0.1429
coreutils::O0::head,string_to_integer,0.5,1.0,0.5
coreutils::O0::head,write_header,0.0,0.5,0.5
coreutils::O0::join,advance_seq,0.5,0.75,0.25
coreutils::O0::join,getseq,0.5,0.75,0.25
coreutils::O0::join,string_to_join_field,0.5,0.75,0.25
coreutils::O0::join,system_join,0.4,0.5333,0.1333
coreutils::O0::kill,operand2sig,0.875,1.0,0.125
coreutils::O0::kill,print_table_row,0.6,0.8,0.2
coreutils::O0::ln,convert_abs_rel,0.0,0.3333,0.3333
coreutils::O0::ln,dir_name,0.0,0.5,0.5
coreutils::O0::ln,relpath,0.625,0.875,0.25
coreutils::O0::ls,align_nstrftime,0.2857,0.5714,0.2857
coreutils::O0::ls,basename_is_dot_or_dotdot,0.0,0.5,0.5
coreutils::O0::ls,decode_line_length,0.5,1.0,0.5
coreutils::O0::ls,extract_dirs_from_files,0.5,0.625,0.125
coreutils::O0::ls,format_user_or_group,0.8,1.0,0.2
coreutils::O0::ls,format_user_or_group_width,0.6667,1.0,0.3333
coreutils::O0::ls,get_link_name,0.3333,0.6667,0.3333
coreutils::O0::ls,print_dir,0.5714,0.6429,0.0714
coreutils::O0::ls,queue_directory,0.25,0.75,0.5
coreutils::O0::ls,quote_name,0.4286,0.5714,0.1429
coreutils::O0::ls,rev_strcmp_df_atime,0.0,1.0,1.0
coreutils::O0::ls,rev_strcmp_df_btime,0.0,1.0,1.0
coreutils::O0::ls,rev_strcmp_df_ctime,0.0,1.0,1.0
coreutils::O0::ls,rev_strcmp_df_extension,0.0,1.0,1.0
coreutils::O0::ls,rev_strcmp_df_mtime,0.0,1.0,1.0
coreutils::O0::ls,rev_strcmp_df_name,0.0,1.0,1.0
coreutils::O0::ls,rev_strcmp_df_size,0.0,1.0,1.0
coreutils::O0::ls,rev_strcmp_df_width,0.0,1.0,1.0
coreutils::O0::ls,rev_xstrcoll_df_atime,0.0,1.0,1.0
coreutils::O0::ls,rev_xstrcoll_df_btime,0.0,1.0,1.0
coreutils::O0::ls,rev_xstrcoll_df_ctime,0.0,1.0,1.0
coreutils::O0::ls,rev_xstrcoll_df_extension,0.0,1.0,1.0
coreutils::O0::ls,rev_xstrcoll_df_mtime,0.0,1.0,1.0
coreutils::O0::ls,rev_xstrcoll_df_name,0.0,1.0,1.0
coreutils::O0::ls,rev_xstrcoll_df_size,0.0,1.0,1.0
coreutils::O0::ls,rev_xstrcoll_df_version,0.0,1.0,1.0
coreutils::O0::ls,rev_xstrcoll_df_width,0.0,1.0,1.0
coreutils::O0::ls,strcmp_df_atime,0.0,1.0,1.0
coreutils::O0::ls,strcmp_df_btime,0.0,1.0,1.0
coreutils::O0::ls,strcmp_df_ctime,0.0,1.0,1.0
coreutils::O0::ls,strcmp_df_extension,0.0,1.0,1.0
coreutils::O0::ls,strcmp_df_mtime,0.0,1.0,1.0
coreutils::O0::ls,strcmp_df_name,0.0,1.0,1.0
coreutils::O0::ls,strcmp_df_size,0.0,1.0,1.0
coreutils::O0::ls,strcmp_df_width,0.0,1.0,1.0
coreutils::O0::ls,xstrcoll_df_atime,0.0,1.0,1.0
coreutils::O0::ls,xstrcoll_df_btime,0.0,1.0,1.0
coreutils::O0::ls,xstrcoll_df_ctime,0.0,1.0,1.0
coreutils::O0::ls,xstrcoll_df_extension,0.0,1.0,1.0
coreutils::O0::ls,xstrcoll_df_mtime,0.0,1.0,1.0
coreutils::O0::ls,xstrcoll_df_name,0.0,1.0,1.0
coreutils::O0::ls,xstrcoll_df_size,0.0,1.0,1.0
coreutils::O0::ls,xstrcoll_df_version,0.0,1.0,1.0
coreutils::O0::ls,xstrcoll_df_width,0.0,1.0,1.0
coreutils::O0::mkdir,announce_mkdir,0.0,0.3333,0.3333
coreutils::O0::mkdir,computecon,0.4444,0.5556,0.1111
coreutils::O0::mkdir,dir_name,0.0,0.5,0.5
coreutils::O0::mkdir,make_ancestor,0.5,0.6667,0.1667
coreutils::O0::mkdir,process_dir,0.2,0.4,0.2
coreutils::O0::mkfifo,computecon,0.4444,0.5556,0.1111
coreutils::O0::mkfifo,dir_name,0.0,0.5,0.5
coreutils::O0::mknod,computecon,0.4444,0.5556,0.1111
coreutils::O0::mknod,dir_name,0.0,0.5,0.5
coreutils::O0::mktemp,mkdtemp_len,0.5,0.75,0.25
coreutils::O0::mktemp,mkstemp_len,0.5,0.75,0.25
coreutils::O0::mv,computecon,0.4444,0.5556,0.1111
coreutils::O0::mv,copy_dir,0.25,0.3,0.05
coreutils::O0::mv,copy_internal,0.5714,0.6032,0.0317
coreutils::O0::mv,copy_reg,0.6857,0.7143,0.0286
coreutils::O0::mv,create_hard_link,0.2727,0.3636,0.0909
coreutils::O0::mv,dir_name,0.0,0.5,0.5
coreutils::O0::mv,main,0.8,0.84,0.04
coreutils::O0::mv,remember_copied,0.4,0.6,0.2
coreutils::O0::mv,set_file_security_ctx,0.6,0.8,0.2
coreutils::O0::mv,set_process_security_ctx,0.5,0.625,0.125
coreutils::O0::mv,write_protected_non_symlink,0.3333,1.0,0.6667
coreutils::O0::nl,process_file,0.0,1.0,1.0
coreutils::O0::numfmt,parse_human_number,0.4,1.0,0.6
coreutils::O0::numfmt,process_line,0.8,1.0,0.2
coreutils::O0::numfmt,process_suffixed_number,0.7778,0.8889,0.1111
coreutils::O0::numfmt,simple_strtod_float,0.5455,0.6364,0.0909
coreutils::O0::numfmt,simple_strtod_human,0.6667,0.7778,0.1111
coreutils::O0::od,parse_old_offset,0.6667,1.0,0.3333
coreutils::O0::od,write_block,0.6667,0.75,0.0833
coreutils::O0::pr,getoptnum,0.6,0.8,0.2
coreutils::O0::ptx,digest_break_file,0.3333,0.6667,0.3333
coreutils::O0::ptx,digest_word_file,0.2,0.4,0.2
coreutils::O0::realpath,process_path,0.3333,0.6667,0.3333
coreutils::O0::realpath,realpath_canon,0.25,0.5,0.25
coreutils::O0::realpath,relpath,0.625,0.875,0.25
coreutils::O0::rm,write_protected_non_symlink,0.3333,1.0,0.6667
coreutils::O0::rmdir,ignorable_failure,0.5,1.0,0.5
coreutils::O0::seq,seq_fast,0.6667,0.7222,0.0556
coreutils::O0::shred,dir_name,0.0,0.5,0.5
coreutils::O0::shred,do_wipefd,0.7222,0.8333,0.1111
coreutils::O0::shred,dopass,0.7143,0.7714,0.0571
coreutils::O0::shred,wipefd,0.2,0.4,0.2
coreutils::O0::shred,wipefile,0.1667,0.5,0.3333
coreutils::O0::shuf,read_input,0.4,0.5,0.1
coreutils::O0::sort,check,0.4,0.4667,0.0667
coreutils::O0::sort,compare_nodes,0.0,0.5,0.5
coreutils::O0::sort,fillbuf,0.7059,0.7647,0.0588
coreutils::O0::sort,incompatible_options,0.0,1.0,1.0
coreutils::O0::sort,merge,0.5,0.6,0.1
coreutils::O0::sort,merge_loop,0.2,0.6,0.4
coreutils::O0::sort,mergefiles,0.4286,0.7143,0.2857
coreutils::O0::sort,mergefps,0.4615,0.5385,0.0769
coreutils::O0::sort,mergelines_node,0.4,0.6,0.2
coreutils::O0::sort,parse_field_count,0.6,0.8,0.2
coreutils::O0::sort,proctab_comparator,0.0,0.5,0.5
coreutils::O0::sort,proctab_hasher,0.3333,0.6667,0.3333
coreutils::O0::sort,sort,0.4,0.55,0.15
coreutils::O0::sort,sort_die,0.5,1.0,0.5
coreutils::O0::sort,sortlines,0.5333,0.6667,0.1333
coreutils::O0::sort,specify_nmerge,0.625,0.75,0.125
coreutils::O0::sort,specify_nthreads,0.8,1.0,0.2
coreutils::O0::sort,specify_sort_size,0.8571,1.0,0.1429
coreutils::O0::sort,write_line,0.5,0.625,0.125
coreutils::O0::sort,write_unique,0.0,0.6667,0.6667
coreutils::O0::sort,xfclose,0.5,1.0,0.5
coreutils::O0::sort,xfopen,0.0,0.6667,0.6667
coreutils::O0::split,closeout,0.6667,0.7778,0.1111
coreutils::O0::stat,dir_name,0.0,0.5,0.5
coreutils::O0::stat,do_stat,0.5,0.7,0.2
coreutils::O0::stat,do_statfs,0.5,0.75,0.25
coreutils::O0::stat,out_mount_point,0.5556,0.6667,0.1111
coreutils::O0::stdbuf,dir_name,0.0,0.5,0.5
coreutils::O0::stdbuf,parse_size,0.75,1.0,0.25
coreutils::O0::stty,integer_arg,0.5,1.0,0.5
coreutils::O0::stty,recover_mode,0.25,0.5,0.25
coreutils::O0::stty,set_speed,0.5,0.75,0.25
coreutils::O0::tail,dump_remainder,0.5556,0.6667,0.1111
coreutils::O0::tail,tail,0.75,1.0,0.25
coreutils::O0::tail,tail_bytes,0.8889,1.0,0.1111
coreutils::O0::tail,tail_forever,0.8125,0.75,-0.0625
coreutils::O0::tail,tail_lines,0.875,1.0,0.125
coreutils::O0::tail,wd_comparator,0.0,0.5,0.5
coreutils::O0::tail,wd_hasher,0.3333,0.6667,0.3333
coreutils::O0::tail,write_header,0.0,0.5,0.5
coreutils::O0::timeout,operand2sig,0.875,1.0,0.125
coreutils::O0::timeout,parse_duration,0.6667,1.0,0.3333
coreutils::O0::touch,get_reldate,0.0,0.3333,0.3333
coreutils::O0::tr,append_char_class,0.3333,0.5,0.1667
coreutils::O0::tr,build_spec_list,0.4286,0.5,0.0714
coreutils::O0::tr,parse_str,0.25,0.5,0.25
coreutils::O0::tsort,new_item,0.0,0.5,0.5
coreutils::O0::uname,print_element_env,0.0,0.5,0.5
coreutils::O0::uniq,size_opt,0.6667,1.0,0.3333
coreutils::O0::uptime,print_uptime,0.7059,0.7647,0.0588
coreutils::O0::vdir,align_nstrftime,0.2857,0.5714,0.2857
coreutils::O0::vdir,basename_is_dot_or_dotdot,0.0,0.5,0.5
coreutils::O0::vdir,decode_line_length,0.5,1.0,0.5
coreutils::O0::vdir,extract_dirs_from_files,0.5,0.625,0.125
coreutils::O0::vdir,format_user_or_group,0.8,1.0,0.2
coreutils::O0::vdir,format_user_or_group_width,0.6667,1.0,0.3333
coreutils::O0::vdir,get_link_name,0.3333,0.6667,0.3333
coreutils::O0::vdir,print_dir,0.5714,0.6429,0.0714
coreutils::O0::vdir,queue_directory,0.25,0.75,0.5
coreutils::O0::vdir,quote_name,0.4286,0.5714,0.1429
coreutils::O0::vdir,rev_strcmp_df_atime,0.0,1.0,1.0
coreutils::O0::vdir,rev_strcmp_df_btime,0.0,1.0,1.0
coreutils::O0::vdir,rev_strcmp_df_ctime,0.0,1.0,1.0
coreutils::O0::vdir,rev_strcmp_df_extension,0.0,1.0,1.0
coreutils::O0::vdir,rev_strcmp_df_mtime,0.0,1.0,1.0
coreutils::O0::vdir,rev_strcmp_df_name,0.0,1.0,1.0
coreutils::O0::vdir,rev_strcmp_df_size,0.0,1.0,1.0
coreutils::O0::vdir,rev_strcmp_df_width,0.0,1.0,1.0
coreutils::O0::vdir,rev_xstrcoll_df_atime,0.0,1.0,1.0
coreutils::O0::vdir,rev_xstrcoll_df_btime,0.0,1.0,1.0
coreutils::O0::vdir,rev_xstrcoll_df_ctime,0.0,1.0,1.0
coreutils::O0::vdir,rev_xstrcoll_df_extension,0.0,1.0,1.0
coreutils::O0::vdir,rev_xstrcoll_df_mtime,0.0,1.0,1.0
coreutils::O0::vdir,rev_xstrcoll_df_name,0.0,1.0,1.0
coreutils::O0::vdir,rev_xstrcoll_df_size,0.0,1.0,1.0
coreutils::O0::vdir,rev_xstrcoll_df_version,0.0,1.0,1.0
coreutils::O0::vdir,rev_xstrcoll_df_width,0.0,1.0,1.0
coreutils::O0::vdir,strcmp_df_atime,0.0,1.0,1.0
coreutils::O0::vdir,strcmp_df_btime,0.0,1.0,1.0
coreutils::O0::vdir,strcmp_df_ctime,0.0,1.0,1.0
coreutils::O0::vdir,strcmp_df_extension,0.0,1.0,1.0
coreutils::O0::vdir,strcmp_df_mtime,0.0,1.0,1.0
coreutils::O0::vdir,strcmp_df_name,0.0,1.0,1.0
coreutils::O0::vdir,strcmp_df_size,0.0,1.0,1.0
coreutils::O0::vdir,strcmp_df_width,0.0,1.0,1.0
coreutils::O0::vdir,xstrcoll_df_atime,0.0,1.0,1.0
coreutils::O0::vdir,xstrcoll_df_btime,0.0,1.0,1.0
coreutils::O0::vdir,xstrcoll_df_ctime,0.0,1.0,1.0
coreutils::O0::vdir,xstrcoll_df_extension,0.0,1.0,1.0
coreutils::O0::vdir,xstrcoll_df_mtime,0.0,1.0,1.0
coreutils::O0::vdir,xstrcoll_df_name,0.0,1.0,1.0
coreutils::O0::vdir,xstrcoll_df_size,0.0,1.0,1.0
coreutils::O0::vdir,xstrcoll_df_version,0.0,1.0,1.0
coreutils::O0::vdir,xstrcoll_df_width,0.0,1.0,1.0
coreutils::O0::who,print_line,0.7647,0.9412,0.1765
coreutils::O2-noinline::basename,perform_basename,0.25,0.75,0.5
coreutils::O2-noinline::chcon,change_file_context,0.25,0.375,0.125
coreutils::O2-noinline::chgrp,describe_change,0.0909,0.5455,0.4545
coreutils::O2-noinline::chmod,describe_change,0.1818,0.2727,0.0909
coreutils::O2-noinline::chmod,mode_changed,0.8333,1.0,0.1667
coreutils::O2-noinline::chown,describe_change,0.0909,0.5455,0.4545
coreutils::O2-noinline::chroot,parse_additional_groups,0.3333,0.4167,0.0833
coreutils::O2-noinline::cksum,output_crc,0.2,0.3,0.1
coreutils::O2-noinline::cp,abandon_move,0.1667,0.3333,0.1667
coreutils::O2-noinline::cp,copy_dir,0.15,0.2,0.05
coreutils::O2-noinline::cp,copy_reg,0.3529,0.3824,0.0294
coreutils::O2-noinline::cp,create_hard_link,0.25,0.5,0.25
coreutils::O2-noinline::cp,create_hole,0.4,0.6,0.2
coreutils::O2-noinline::cp,decode_preserve_arg,0.1111,0.2222,0.1111
coreutils::O2-noinline::cp,emit_verbose,0.0,0.6,0.6
coreutils::O2-noinline::cp,overwrite_ok,0.25,0.375,0.125
coreutils::O2-noinline::cp,remember_copied,0.4,0.6,0.2
coreutils::O2-noinline::cp,set_file_security_ctx,0.2,0.4,0.2
coreutils::O2-noinline::cp,set_process_security_ctx,0.0,0.25,0.25
coreutils::O2-noinline::cp,sparse_copy,0.2917,0.375,0.0833
coreutils::O2-noinline::csplit,check_for_offset,0.0,0.3333,0.3333
coreutils::O2-noinline::date,batch_convert,0.3,0.4,0.1
coreutils::O2-noinline::dd,ifd_reopen,0.6,0.8,0.2
coreutils::O2-noinline::dd,skip,0.4,0.5,0.1
coreutils::O2-noinline::df,decode_output_arg,0.0,0.1667,0.1667
coreutils::O2-noinline::df,get_dev,0.2667,0.3,0.0333
coreutils::O2-noinline::df,get_entry,0.0,0.5,0.5
coreutils::O2-noinline::dir,basename_is_dot_or_dotdot,0.0,0.5,0.5
coreutils::O2-noinline::dir,decode_line_length,0.5,1.0,0.5
coreutils::O2-noinline::dir,extract_dirs_from_files,0.125,0.25,0.125
coreutils::O2-noinline::dir,file_failure,0.6667,1.0,0.3333
coreutils::O2-noinline::dir,format_user_or_group,0.3333,0.5,0.1667
coreutils::O2-noinline::dir,format_user_or_group_width,0.25,0.5,0.25
coreutils::O2-noinline::dir,get_link_name,0.3333,0.6667,0.3333
coreutils::O2-noinline::dir,queue_directory,0.25,0.75,0.5
coreutils::O2-noinline::dir,quote_name,0.2857,0.3571,0.0714
coreutils::O2-noinline::dir,rev_strcmp_df_atime,0.0,1.0,1.0
coreutils::O2-noinline::dir,rev_strcmp_df_btime,0.0,1.0,1.0
coreutils::O2-noinline::dir,rev_strcmp_df_ctime,0.0,1.0,1.0
coreutils::O2-noinline::dir,rev_strcmp_df_extension,0.0,1.0,1.0
coreutils::O2-noinline::dir,rev_strcmp_df_mtime,0.0,1.0,1.0
coreutils::O2-noinline::dir,rev_strcmp_df_name,0.0,1.0,1.0
coreutils::O2-noinline::dir,rev_strcmp_df_size,0.0,1.0,1.0
coreutils::O2-noinline::dir,rev_strcmp_df_width,0.0,1.0,1.0
coreutils::O2-noinline::dir,rev_xstrcoll_df_atime,0.0,1.0,1.0
coreutils::O2-noinline::dir,rev_xstrcoll_df_btime,0.0,1.0,1.0
coreutils::O2-noinline::dir,rev_xstrcoll_df_ctime,0.0,1.0,1.0
coreutils::O2-noinline::dir,rev_xstrcoll_df_extension,0.0,1.0,1.0
coreutils::O2-noinline::dir,rev_xstrcoll_df_mtime,0.0,1.0,1.0
coreutils::O2-noinline::dir,rev_xstrcoll_df_name,0.0,1.0,1.0
coreutils::O2-noinline::dir,rev_xstrcoll_df_size,0.0,1.0,1.0
coreutils::O2-noinline::dir,rev_xstrcoll_df_version,0.0,1.0,1.0
coreutils::O2-noinline::dir,rev_xstrcoll_df_width,0.0,1.0,1.0
coreutils::O2-noinline::dir,strcmp_df_atime,0.0,1.0,1.0
coreutils::O2-noinline::dir,strcmp_df_btime,0.0,1.0,1.0
coreutils::O2-noinline::dir,strcmp_df_ctime,0.0,1.0,1.0
coreutils::O2-noinline::dir,strcmp_df_extension,0.0,1.0,1.0
coreutils::O2-noinline::dir,strcmp_df_mtime,0.0,1.0,1.0
coreutils::O2-noinline::dir,strcmp_df_name,0.0,1.0,1.0
coreutils::O2-noinline::dir,strcmp_df_size,0.0,1.0,1.0
coreutils::O2-noinline::dir,strcmp_df_width,0.0,1.0,1.0
coreutils::O2-noinline::dir,xstrcoll_df_atime,0.0,1.0,1.0
coreutils::O2-noinline::dir,xstrcoll_df_btime,0.0,1.0,1.0
coreutils::O2-noinline::dir,xstrcoll_df_ctime,0.0,1.0,1.0
coreutils::O2-noinline::dir,xstrcoll_df_extension,0.0,1.0,1.0
coreutils::O2-noinline::dir,xstrcoll_df_mtime,0.0,1.0,1.0
coreutils::O2-noinline::dir,xstrcoll_df_name,0.0,1.0,1.0
coreutils::O2-noinline::dir,xstrcoll_df_size,0.0,1.0,1.0
coreutils::O2-noinline::dir,xstrcoll_df_version,0.0,1.0,1.0
coreutils::O2-noinline::dir,xstrcoll_df_width,0.0,1.0,1.0
coreutils::O2-noinline::dircolors,append_entry,0.0909,0.2727,0.1818
coreutils::O2-noinline::dircolors,dc_parse_stream,0.4667,0.5333,0.0667
coreutils::O2-noinline::du,print_size,0.0,0.3333,0.3333
coreutils::O2-noinline::env,parse_block_signal_params,0.3333,0.5,0.1667
coreutils::O2-noinline::env,parse_signal_action_params,0.1429,0.2857,0.1429
coreutils::O2-noinline::expr,str_value,0.0,0.5,0.5
coreutils::O2-noinline::fmt,fmt,0.3333,0.6667,0.3333
coreutils::O2-noinline::fmt,get_paragraph,0.0,0.3333,0.3333
coreutils::O2-noinline::ginstall,abandon_move,0.1667,0.3333,0.1667
coreutils::O2-noinline::ginstall,announce_mkdir,0.0,0.6667,0.6667
coreutils::O2-noinline::ginstall,change_attributes,0.25,0.5,0.25
coreutils::O2-noinline::ginstall,change_timestamps,0.2,0.4,0.2
coreutils::O2-noinline::ginstall,copy_dir,0.15,0.2,0.05
coreutils::O2-noinline::ginstall,copy_file,0.3333,0.5,0.1667
coreutils::O2-noinline::ginstall,copy_reg,0.3529,0.3824,0.0294
coreutils::O2-noinline::ginstall,create_hard_link,0.25,0.5,0.25
coreutils::O2-noinline::ginstall,create_hole,0.4,0.6,0.2
coreutils::O2-noinline::ginstall,emit_verbose,0.0,0.6,0.6
coreutils::O2-noinline::ginstall,install_file_in_dir,0.2727,0.3636,0.0909
coreutils::O2-noinline::ginstall,install_file_in_file,0.6667,0.8333,0.1667
coreutils::O2-noinline::ginstall,install_file_in_file_parents,0.0,0.6667,0.6667
coreutils::O2-noinline::ginstall,make_ancestor,0.4,0.8,0.4
coreutils::O2-noinline::ginstall,overwrite_ok,0.25,0.375,0.125
coreutils::O2-noinline::ginstall,process_dir,0.0,0.4,0.4
coreutils::O2-noinline::ginstall,remember_copied,0.4,0.6,0.2
coreutils::O2-noinline::ginstall,set_file_security_ctx,0.2,0.4,0.2
coreutils::O2-noinline::ginstall,set_process_security_ctx,0.0,0.25,0.25
coreutils::O2-noinline::ginstall,sparse_copy,0.2917,0.375,0.0833
coreutils::O2-noinline::head,diagnose_copy_fd_failure,0.5,1.0,0.5
coreutils::O2-noinline::head,elide_tail_bytes_file,0.3333,0.4444,0.1111
coreutils::O2-noinline::head,elide_tail_bytes_pipe,0.2222,0.2593,0.037
coreutils::O2-noinline::head,elide_tail_lines_pipe,0.2105,0.2632,0.0526
coreutils::O2-noinline::head,elide_tail_lines_seekable,0.4167,0.5,0.0833
coreutils::O2-noinline::head,elseek,0.3333,0.5,0.1667
coreutils::O2-noinline::head,head,0.7143,0.8571,0.1429
coreutils::O2-noinline::head,head_bytes,0.1667,0.3333,0.1667
coreutils::O2-noinline::head,head_lines,0.375,0.5,0.125
coreutils::O2-noinline::head,string_to_integer,0.5,1.0,0.5
coreutils::O2-noinline::head,write_header,0.0,0.3333,0.3333
coreutils::O2-noinline::join,advance_seq,0.5,0.75,0.25
coreutils::O2-noinline::join,getseq,0.25,0.5,0.25
coreutils::O2-noinline::join,string_to_join_field,0.25,0.5,0.25
coreutils::O2-noinline::join,system_join,0.2,0.3333,0.1333
coreutils::O2-noinline::kill,print_table_row,0.3333,0.6667,0.3333
coreutils::O2-noinline::ln,convert_abs_rel,0.0,0.1667,0.1667
coreutils::O2-noinline::ln,relpath,0.125,0.375,0.25
coreutils::O2-noinline::ls,basename_is_dot_or_dotdot,0.0,0.5,0.5
coreutils::O2-noinline::ls,decode_line_length,0.5,1.0,0.5
coreutils::O2-noinline::ls,extract_dirs_from_files,0.125,0.25,0.125
coreutils::O2-noinline::ls,file_failure,0.6667,1.0,0.3333
coreutils::O2-noinline::ls,format_user_or_group,0.3333,0.5,0.1667
coreutils::O2-noinline::ls,format_user_or_group_width,0.25,0.5,0.25
coreutils::O2-noinline::ls,get_link_name,0.3333,0.6667,0.3333
coreutils::O2-noinline::ls,queue_directory,0.25,0.75,0.5
coreutils::O2-noinline::ls,quote_name,0.2857,0.3571,0.0714
coreutils::O2-noinline::ls,rev_strcmp_df_atime,0.0,1.0,1.0
coreutils::O2-noinline::ls,rev_strcmp_df_btime,0.0,1.0,1.0
coreutils::O2-noinline::ls,rev_strcmp_df_ctime,0.0,1.0,1.0
coreutils::O2-noinline::ls,rev_strcmp_df_extension,0.0,1.0,1.0
coreutils::O2-noinline::ls,rev_strcmp_df_mtime,0.0,1.0,1.0
coreutils::O2-noinline::ls,rev_strcmp_df_name,0.0,1.0,1.0
coreutils::O2-noinline::ls,rev_strcmp_df_size,0.0,1.0,1.0
coreutils::O2-noinline::ls,rev_strcmp_df_width,0.0,1.0,1.0
coreutils::O2-noinline::ls,rev_xstrcoll_df_atime,0.0,1.0,1.0
coreutils::O2-noinline::ls,rev_xstrcoll_df_btime,0.0,1.0,1.0
coreutils::O2-noinline::ls,rev_xstrcoll_df_ctime,0.0,1.0,1.0
coreutils::O2-noinline::ls,rev_xstrcoll_df_extension,0.0,1.0,1.0
coreutils::O2-noinline::ls,rev_xstrcoll_df_mtime,0.0,1.0,1.0
coreutils::O2-noinline::ls,rev_xstrcoll_df_name,0.0,1.0,1.0
coreutils::O2-noinline::ls,rev_xstrcoll_df_size,0.0,1.0,1.0
coreutils::O2-noinline::ls,rev_xstrcoll_df_version,0.0,1.0,1.0
coreutils::O2-noinline::ls,rev_xstrcoll_df_width,0.0,1.0,1.0
coreutils::O2-noinline::ls,strcmp_df_atime,0.0,1.0,1.0
coreutils::O2-noinline::ls,strcmp_df_btime,0.0,1.0,1.0
coreutils::O2-noinline::ls,strcmp_df_ctime,0.0,1.0,1.0
coreutils::O2-noinline::ls,strcmp_df_extension,0.0,1.0,1.0
coreutils::O2-noinline::ls,strcmp_df_mtime,0.0,1.0,1.0
coreutils::O2-noinline::ls,strcmp_df_name,0.0,1.0,1.0
coreutils::O2-noinline::ls,strcmp_df_size,0.0,1.0,1.0
coreutils::O2-noinline::ls,strcmp_df_width,0.0,1.0,1.0
coreutils::O2-noinline::ls,xstrcoll_df_atime,0.0,1.0,1.0
coreutils::O2-noinline::ls,xstrcoll_df_btime,0.0,1.0,1.0
coreutils::O2-noinline::ls,xstrcoll_df_ctime,0.0,1.0,1.0
coreutils::O2-noinline::ls,xstrcoll_df_extension,0.0,1.0,1.0
coreutils::O2-noinline::ls,xstrcoll_df_mtime,0.0,1.0,1.0
coreutils::O2-noinline::ls,xstrcoll_df_name,0.0,1.0,1.0
coreutils::O2-noinline::ls,xstrcoll_df_size,0.0,1.0,1.0
coreutils::O2-noinline::ls,xstrcoll_df_version,0.0,1.0,1.0
coreutils::O2-noinline::ls,xstrcoll_df_width,0.0,1.0,1.0
coreutils::O2-noinline::mkdir,announce_mkdir,0.0,0.6667,0.6667
coreutils::O2-noinline::mkdir,make_ancestor,0.1667,0.5,0.3333
coreutils::O2-noinline::mkdir,process_dir,0.0,0.2,0.2
coreutils::O2-noinline::mktemp,mkdtemp_len,0.5,0.75,0.25
coreutils::O2-noinline::mktemp,mkstemp_len,0.5,0.75,0.25
coreutils::O2-noinline::mv,abandon_move,0.1667,0.3333,0.1667
coreutils::O2-noinline::mv,copy_dir,0.15,0.2,0.05
coreutils::O2-noinline::mv,copy_reg,0.3529,0.3824,0.0294
coreutils::O2-noinline::mv,create_hard_link,0.25,0.5,0.25
coreutils::O2-noinline::mv,create_hole,0.4,0.6,0.2
coreutils::O2-noinline::mv,emit_verbose,0.0,0.6,0.6
coreutils::O2-noinline::mv,overwrite_ok,0.25,0.375,0.125
coreutils::O2-noinline::mv,remember_copied,0.4,0.6,0.2
coreutils::O2-noinline::mv,set_file_security_ctx,0.2,0.4,0.2
coreutils::O2-noinline::mv,set_process_security_ctx,0.0,0.25,0.25
coreutils::O2-noinline::mv,sparse_copy,0.2917,0.375,0.0833
coreutils::O2-noinline::mv,write_protected_non_symlink,0.3333,1.0,0.6667
coreutils::O2-noinline::nl,process_file,0.0,1.0,1.0
coreutils::O2-noinline::numfmt,simple_strtod_float,0.2727,0.3636,0.0909
coreutils::O2-noinline::od,parse_old_offset,0.3333,0.6667,0.3333
coreutils::O2-noinline::od,print_long_double,0.2667,0.3333,0.0667
coreutils::O2-noinline::od,write_block,0.1538,0.2308,0.0769
coreutils::O2-noinline::pr,getoptnum,0.4,0.8,0.4
coreutils::O2-noinline::pr,main,0.8333,0.9167,0.0833
coreutils::O2-noinline::pr,parse_column_count,0.0,1.0,1.0
coreutils::O2-noinline::ptx,digest_break_file,0.0,0.1667,0.1667
coreutils::O2-noinline::ptx,digest_word_file,0.0,0.25,0.25
coreutils::O2-noinline::realpath,process_path,0.0,0.3333,0.3333
coreutils::O2-noinline::realpath,realpath_canon,0.0,0.25,0.25
coreutils::O2-noinline::realpath,relpath,0.125,0.375,0.25
coreutils::O2-noinline::rm,write_protected_non_symlink,0.3333,1.0,0.6667
coreutils::O2-noinline::rmdir,ignorable_failure,0.0,0.5,0.5
coreutils::O2-noinline::seq,seq_fast,0.2083,0.25,0.0417
coreutils::O2-noinline::shred,do_wipefd,0.3889,0.5,0.1111
coreutils::O2-noinline::shred,dopass,0.3636,0.3939,0.0303
coreutils::O2-noinline::shred,dosync,0.3333,0.6667,0.3333
coreutils::O2-noinline::shred,wipefile,0.0,0.3333,0.3333
coreutils::O2-noinline::shred,wipename,0.2308,0.3846,0.1538
coreutils::O2-noinline::shuf,read_input,0.2,0.3,0.1
coreutils::O2-noinline::sort,check,0.1333,0.2,0.0667
coreutils::O2-noinline::sort,compare_nodes,0.0,0.5,0.5
coreutils::O2-noinline::sort,fillbuf,0.2632,0.3158,0.0526
coreutils::O2-noinline::sort,incompatible_options,0.0,1.0,1.0
coreutils::O2-noinline::sort,merge,0.15,0.2,0.05
coreutils::O2-noinline::sort,merge_loop,0.2,0.6,0.4
coreutils::O2-noinline::sort,mergefiles,0.2857,0.5714,0.2857
coreutils::O2-noinline::sort,mergefps,0.1538,0.2308,0.0769
coreutils::O2-noinline::sort,mergelines_node,0.1,0.3,0.2
coreutils::O2-noinline::sort,parse_field_count,0.6,0.8,0.2
coreutils::O2-noinline::sort,proctab_comparator,0.0,0.5,0.5
coreutils::O2-noinline::sort,proctab_hasher,0.3333,0.6667,0.3333
coreutils::O2-noinline::sort,sort,0.2,0.25,0.05
coreutils::O2-noinline::sort,sort_die,0.5,1.0,0.5
coreutils::O2-noinline::sort,sortlines,0.2667,0.4,0.1333
coreutils::O2-noinline::sort,write_line,0.125,0.25,0.125
coreutils::O2-noinline::sort,write_unique,0.0,0.6667,0.6667
coreutils::O2-noinline::sort,xfclose,0.5,1.0,0.5
coreutils::O2-noinline::sort,xfopen,0.0,0.6667,0.6667
coreutils::O2-noinline::split,closeout,0.3333,0.5556,0.2222
coreutils::O2-noinline::stat,do_stat,0.1,0.3,0.2
coreutils::O2-noinline::stat,do_statfs,0.25,0.5,0.25
coreutils::O2-noinline::stat,out_file_context,0.375,0.5,0.125
coreutils::O2-noinline::stat,out_mount_point,0.2222,0.3333,0.1111
coreutils::O2-noinline::stat,print_stat,0.2143,0.3571,0.1429
coreutils::O2-noinline::stat,print_statfs,0.1429,0.2143,0.0714
coreutils::O2-noinline::stdbuf,parse_size,0.5,0.75,0.25
coreutils::O2-noinline::stty,apply_settings,0.1429,0.2143,0.0714
coreutils::O2-noinline::stty,display_window_size,0.3333,0.6667,0.3333
coreutils::O2-noinline::stty,integer_arg,0.5,1.0,0.5
coreutils::O2-noinline::stty,recover_mode,0.0,0.125,0.125
coreutils::O2-noinline::stty,set_speed,0.25,0.5,0.25
coreutils::O2-noinline::stty,set_window_size,0.2857,0.4286,0.1429
coreutils::O2-noinline::tac,copy_to_temp,0.25,0.375,0.125
coreutils::O2-noinline::tac,tac_nonseekable,0.3333,0.5,0.1667
coreutils::O2-noinline::tac,tac_seekable,0.0833,0.125,0.0417
coreutils::O2-noinline::tail,close_fd,0.5,1.0,0.5
coreutils::O2-noinline::tail,dump_remainder,0.1111,0.2222,0.1111
coreutils::O2-noinline::tail,fremote,0.0,0.1667,0.1667
coreutils::O2-noinline::tail,pipe_bytes,0.2143,0.2857,0.0714
coreutils::O2-noinline::tail,pipe_lines,0.1667,0.2222,0.0556
coreutils::O2-noinline::tail,start_bytes,0.4286,0.5714,0.1429
coreutils::O2-noinline::tail,start_lines,0.375,0.5,0.125
coreutils::O2-noinline::tail,wd_comparator,0.0,0.5,0.5
coreutils::O2-noinline::tail,wd_hasher,0.3333,0.6667,0.3333
coreutils::O2-noinline::tail,write_header,0.0,0.3333,0.3333
coreutils::O2-noinline::tail,xlseek,0.2857,0.4286,0.1429
coreutils::O2-noinline::timeout,parse_duration,0.6667,1.0,0.3333
coreutils::O2-noinline::touch,get_reldate,0.0,0.3333,0.3333
coreutils::O2-noinline::tr,append_char_class,0.1667,0.3333,0.1667
coreutils::O2-noinline::tr,parse_str,0.0,0.3333,0.3333
coreutils::O2-noinline::truncate,do_ftruncate,0.5,0.5833,0.0833
coreutils::O2-noinline::tsort,new_item,0.0,0.5,0.5
coreutils::O2-noinline::uniq,size_opt,0.6667,1.0,0.3333
coreutils::O2-noinline::uptime,print_uptime,0.04,0.08,0.04
coreutils::O2-noinline::uptime,uptime,0.5,0.75,0.25
coreutils::O2-noinline::users,users,0.25,0.5,0.25
coreutils::O2-noinline::vdir,basename_is_dot_or_dotdot,0.0,0.5,0.5
coreutils::O2-noinline::vdir,decode_line_length,0.5,1.0,0.5
coreutils::O2-noinline::vdir,extract_dirs_from_files,0.125,0.25,0.125
coreutils::O2-noinline::vdir,file_failure,0.6667,1.0,0.3333
coreutils::O2-noinline::vdir,format_user_or_group,0.3333,0.5,0.1667
coreutils::O2-noinline::vdir,format_user_or_group_width,0.25,0.5,0.25
coreutils::O2-noinline::vdir,get_link_name,0.3333,0.6667,0.3333
coreutils::O2-noinline::vdir,queue_directory,0.25,0.75,0.5
coreutils::O2-noinline::vdir,quote_name,0.2857,0.3571,0.0714
coreutils::O2-noinline::vdir,rev_strcmp_df_atime,0.0,1.0,1.0
coreutils::O2-noinline::vdir,rev_strcmp_df_btime,0.0,1.0,1.0
coreutils::O2-noinline::vdir,rev_strcmp_df_ctime,0.0,1.0,1.0
coreutils::O2-noinline::vdir,rev_strcmp_df_extension,0.0,1.0,1.0
coreutils::O2-noinline::vdir,rev_strcmp_df_mtime,0.0,1.0,1.0
coreutils::O2-noinline::vdir,rev_strcmp_df_name,0.0,1.0,1.0
coreutils::O2-noinline::vdir,rev_strcmp_df_size,0.0,1.0,1.0
coreutils::O2-noinline::vdir,rev_strcmp_df_width,0.0,1.0,1.0
coreutils::O2-noinline::vdir,rev_xstrcoll_df_atime,0.0,1.0,1.0
coreutils::O2-noinline::vdir,rev_xstrcoll_df_btime,0.0,1.0,1.0
coreutils::O2-noinline::vdir,rev_xstrcoll_df_ctime,0.0,1.0,1.0
coreutils::O2-noinline::vdir,rev_xstrcoll_df_extension,0.0,1.0,1.0
coreutils::O2-noinline::vdir,rev_xstrcoll_df_mtime,0.0,1.0,1.0
coreutils::O2-noinline::vdir,rev_xstrcoll_df_name,0.0,1.0,1.0
coreutils::O2-noinline::vdir,rev_xstrcoll_df_size,0.0,1.0,1.0
coreutils::O2-noinline::vdir,rev_xstrcoll_df_version,0.0,1.0,1.0
coreutils::O2-noinline::vdir,rev_xstrcoll_df_width,0.0,1.0,1.0
coreutils::O2-noinline::vdir,strcmp_df_atime,0.0,1.0,1.0
coreutils::O2-noinline::vdir,strcmp_df_btime,0.0,1.0,1.0
coreutils::O2-noinline::vdir,strcmp_df_ctime,0.0,1.0,1.0
coreutils::O2-noinline::vdir,strcmp_df_extension,0.0,1.0,1.0
coreutils::O2-noinline::vdir,strcmp_df_mtime,0.0,1.0,1.0
coreutils::O2-noinline::vdir,strcmp_df_name,0.0,1.0,1.0
coreutils::O2-noinline::vdir,strcmp_df_size,0.0,1.0,1.0
coreutils::O2-noinline::vdir,strcmp_df_width,0.0,1.0,1.0
coreutils::O2-noinline::vdir,xstrcoll_df_atime,0.0,1.0,1.0
coreutils::O2-noinline::vdir,xstrcoll_df_btime,0.0,1.0,1.0
coreutils::O2-noinline::vdir,xstrcoll_df_ctime,0.0,1.0,1.0
coreutils::O2-noinline::vdir,xstrcoll_df_extension,0.0,1.0,1.0
coreutils::O2-noinline::vdir,xstrcoll_df_mtime,0.0,1.0,1.0
coreutils::O2-noinline::vdir,xstrcoll_df_name,0.0,1.0,1.0
coreutils::O2-noinline::vdir,xstrcoll_df_size,0.0,1.0,1.0
coreutils::O2-noinline::vdir,xstrcoll_df_version,0.0,1.0,1.0
coreutils::O2-noinline::vdir,xstrcoll_df_width,0.0,1.0,1.0
coreutils::O2-noinline::wc,wc_lines,0.3333,0.4167,0.0833
coreutils::O2-noinline::wc,wc_lines_avx2,0.2,0.2667,0.0667
coreutils::O2-noinline::who,who,0.5,0.75,0.25
coreutils::O2::basename,perform_basename,0.2222,0.3333,0.1111
coreutils::O2::chroot,parse_additional_groups,0.3333,0.4167,0.0833
coreutils::O2::cksum,output_crc,0.2727,0.3636,0.0909
coreutils::O2::cp,create_hard_link,0.25,0.5,0.25
coreutils::O2::cp,create_hole,0.2222,0.3333,0.1111
coreutils::O2::cp,decode_preserve_arg,0.1111,0.2222,0.1111
coreutils::O2::cp,emit_verbose,0.0,0.5,0.5
coreutils::O2::cp,overwrite_ok,0.25,0.375,0.125
coreutils::O2::cp,remember_copied,0.2857,0.4286,0.1429
coreutils::O2::cp,set_file_security_ctx,0.1667,0.3333,0.1667
coreutils::O2::cp,set_process_security_ctx,0.0,0.2222,0.2222
coreutils::O2::cp,sparse_copy,0.3333,0.4167,0.0833
coreutils::O2::dd,ifd_reopen,0.6,0.8,0.2
coreutils::O2::dd,skip,0.4,0.5,0.1
coreutils::O2::df,decode_output_arg,0.0,0.1667,0.1667
coreutils::O2::dir,decode_line_length,0.5,1.0,0.5
coreutils::O2::dir,extract_dirs_from_files,0.0833,0.1667,0.0833
coreutils::O2::dir,file_failure,0.5,0.75,0.25
coreutils::O2::dir,quote_name,0.2105,0.2632,0.0526
coreutils::O2::dir,rev_strcmp_df_width,0.0,0.3333,0.3333
coreutils::O2::dir,rev_xstrcoll_df_atime,0.0,0.3333,0.3333
coreutils::O2::dir,rev_xstrcoll_df_btime,0.0,0.3333,0.3333
coreutils::O2::dir,rev_xstrcoll_df_ctime,0.0,0.3333,0.3333
coreutils::O2::dir,rev_xstrcoll_df_mtime,0.0,0.3333,0.3333
coreutils::O2::dir,rev_xstrcoll_df_width,0.0,0.3333,0.3333
coreutils::O2::dir,strcmp_df_width,0.0,0.3333,0.3333
coreutils::O2::dir,xstrcoll_df_atime,0.0,0.3333,0.3333
coreutils::O2::dir,xstrcoll_df_btime,0.0,0.3333,0.3333
coreutils::O2::dir,xstrcoll_df_ctime,0.0,0.3333,0.3333
coreutils::O2::dir,xstrcoll_df_mtime,0.0,0.3333,0.3333
coreutils::O2::dir,xstrcoll_df_width,0.0,0.3333,0.3333
coreutils::O2::dircolors,append_entry,0.0909,0.2727,0.1818
coreutils::O2::dircolors,dc_parse_stream,0.2667,0.3333,0.0667
coreutils::O2::du,print_size,0.0,0.1,0.1
coreutils::O2::env,parse_block_signal_params,0.3333,0.5,0.1667
coreutils::O2::fmt,fmt,0.125,0.25,0.125
coreutils::O2::ginstall,create_hard_link,0.25,0.5,0.25
coreutils::O2::ginstall,create_hole,0.2222,0.3333,0.1111
coreutils::O2::ginstall,emit_verbose,0.0,0.5,0.5
coreutils::O2::ginstall,make_ancestor,0.1111,0.3333,0.2222
coreutils::O2::ginstall,overwrite_ok,0.25,0.375,0.125
coreutils::O2::ginstall,remember_copied,0.2857,0.4286,0.1429
coreutils::O2::ginstall,set_file_security_ctx,0.1667,0.3333,0.1667
coreutils::O2::ginstall,set_process_security_ctx,0.0,0.2222,0.2222
coreutils::O2::ginstall,sparse_copy,0.3333,0.4167,0.0833
coreutils::O2::groups,print_group_list,0.4167,0.5,0.0833
coreutils::O2::head,diagnose_copy_fd_failure,0.5,1.0,0.5
coreutils::O2::head,elide_tail_lines_seekable,0.2941,0.3529,0.0588
coreutils::O2::head,head_bytes,0.1667,0.3333,0.1667
coreutils::O2::head,head_lines,0.375,0.5,0.125
coreutils::O2::id,print_group_list,0.4167,0.5,0.0833
coreutils::O2::id,print_stuff,0.0,0.0714,0.0714
coreutils::O2::join,get_line,0.05,0.1,0.05
coreutils::O2::join,getseq,0.25,0.5,0.25
coreutils::O2::ls,decode_line_length,0.5,1.0,0.5
coreutils::O2::ls,extract_dirs_from_files,0.0833,0.1667,0.0833
coreutils::O2::ls,file_failure,0.5,0.75,0.25
coreutils::O2::ls,quote_name,0.2105,0.2632,0.0526
coreutils::O2::ls,rev_strcmp_df_width,0.0,0.3333,0.3333
coreutils::O2::ls,rev_xstrcoll_df_atime,0.0,0.3333,0.3333
coreutils::O2::ls,rev_xstrcoll_df_btime,0.0,0.3333,0.3333
coreutils::O2::ls,rev_xstrcoll_df_ctime,0.0,0.3333,0.3333
coreutils::O2::ls,rev_xstrcoll_df_mtime,0.0,0.3333,0.3333
coreutils::O2::ls,rev_xstrcoll_df_width,0.0,0.3333,0.3333
coreutils::O2::ls,strcmp_df_width,0.0,0.3333,0.3333
coreutils::O2::ls,xstrcoll_df_atime,0.0,0.3333,0.3333
coreutils::O2::ls,xstrcoll_df_btime,0.0,0.3333,0.3333
coreutils::O2::ls,xstrcoll_df_ctime,0.0,0.3333,0.3333
coreutils::O2::ls,xstrcoll_df_mtime,0.0,0.3333,0.3333
coreutils::O2::ls,xstrcoll_df_width,0.0,0.3333,0.3333
coreutils::O2::mkdir,make_ancestor,0.1,0.3,0.2
coreutils::O2::mkdir,process_dir,0.0,0.1429,0.1429
coreutils::O2::mv,create_hard_link,0.25,0.5,0.25
coreutils::O2::mv,create_hole,0.2222,0.3333,0.1111
coreutils::O2::mv,emit_verbose,0.0,0.5,0.5
coreutils::O2::mv,overwrite_ok,0.25,0.375,0.125
coreutils::O2::mv,remember_copied,0.2857,0.4286,0.1429
coreutils::O2::mv,set_file_security_ctx,0.1667,0.3333,0.1667
coreutils::O2::mv,set_process_security_ctx,0.0,0.2222,0.2222
coreutils::O2::mv,sparse_copy,0.3333,0.4167,0.0833
coreutils::O2::od,parse_old_offset,0.3333,0.6667,0.3333
coreutils::O2::od,print_long_double,0.2667,0.3333,0.0667
coreutils::O2::pr,main,0.8333,0.9167,0.0833
coreutils::O2::pr,parse_column_count,0.0,0.1667,0.1667
coreutils::O2::ptx,digest_word_file,0.0,0.25,0.25
coreutils::O2::shred,do_wipefd,0.3793,0.4138,0.0345
coreutils::O2::shred,dopass,0.2182,0.2364,0.0182
coreutils::O2::sort,badfieldspec,0.5,1.0,0.5
coreutils::O2::sort,fillbuf,0.2105,0.2632,0.0526
coreutils::O2::sort,incompatible_options,0.0,1.0,1.0
coreutils::O2::sort,mergefiles,0.2857,0.5714,0.2857
coreutils::O2::sort,mergefps,0.1379,0.2069,0.069
coreutils::O2::sort,parse_field_count,0.6,0.8,0.2
coreutils::O2::sort,proctab_comparator,0.0,0.5,0.5
coreutils::O2::sort,proctab_hasher,0.3333,0.6667,0.3333
coreutils::O2::sort,sort_die,0.5,1.0,0.5
coreutils::O2::sort,sortlines,0.2,0.3333,0.1333
coreutils::O2::sort,write_line,0.125,0.25,0.125
coreutils::O2::sort,write_unique,0.0,0.6667,0.6667
coreutils::O2::sort,xfclose,0.5,1.0,0.5
coreutils::O2::split,closeout,0.3,0.5,0.2
coreutils::O2::stty,apply_settings,0.1429,0.2143,0.0714
coreutils::O2::stty,set_window_size,0.2,0.3,0.1
coreutils::O2::tac,tac_seekable,0.0833,0.125,0.0417
coreutils::O2::tail,dump_remainder,0.1111,0.2222,0.1111
coreutils::O2::tail,fremote,0.0,0.1667,0.1667
coreutils::O2::tail,start_bytes,0.4286,0.5714,0.1429
coreutils::O2::tail,start_lines,0.375,0.5,0.125
coreutils::O2::tail,wd_comparator,0.0,0.5,0.5
coreutils::O2::tail,wd_hasher,0.3333,0.6667,0.3333
coreutils::O2::timeout,parse_duration,0.3333,0.5,0.1667
coreutils::O2::uptime,print_uptime,0.0357,0.0714,0.0357
coreutils::O2::uptime,uptime,0.5,0.75,0.25
coreutils::O2::vdir,decode_line_length,0.5,1.0,0.5
coreutils::O2::vdir,extract_dirs_from_files,0.0833,0.1667,0.0833
coreutils::O2::vdir,file_failure,0.5,0.75,0.25
coreutils::O2::vdir,quote_name,0.2105,0.2632,0.0526
coreutils::O2::vdir,rev_strcmp_df_width,0.0,0.3333,0.3333
coreutils::O2::vdir,rev_xstrcoll_df_atime,0.0,0.3333,0.3333
coreutils::O2::vdir,rev_xstrcoll_df_btime,0.0,0.3333,0.3333
coreutils::O2::vdir,rev_xstrcoll_df_ctime,0.0,0.3333,0.3333
coreutils::O2::vdir,rev_xstrcoll_df_mtime,0.0,0.3333,0.3333
coreutils::O2::vdir,rev_xstrcoll_df_width,0.0,0.3333,0.3333
coreutils::O2::vdir,strcmp_df_width,0.0,0.3333,0.3333
coreutils::O2::vdir,xstrcoll_df_atime,0.0,0.3333,0.3333
coreutils::O2::vdir,xstrcoll_df_btime,0.0,0.3333,0.3333
coreutils::O2::vdir,xstrcoll_df_ctime,0.0,0.3333,0.3333
coreutils::O2::vdir,xstrcoll_df_mtime,0.0,0.3333,0.3333
coreutils::O2::vdir,xstrcoll_df_width,0.0,0.3333,0.3333
coreutils::O2::wc,wc_lines_avx2,0.2,0.2667,0.0667
coreutils::O2::who,who,0.2308,0.3077,0.0769
diffutils::O0::diff,format_ifdef,0.6667,0.8333,0.1667
diffutils::O0::diff,message,0.0,0.3333,0.3333
diffutils::O0::diff,pfatal_with_name,0.5,1.0,0.5
diffutils::O0::diff,print_1_line,0.0,0.5,0.5
diffutils::O0::diff,print_context_label,0.25,0.625,0.375
diffutils::O0::diff,specify_value,0.3333,0.6667,0.3333
diffutils::O0::diff3,output_diff3_edscript,0.5,0.7143,0.2143
diffutils::O0::diff3,output_diff3_merge,0.625,0.75,0.125
diffutils::O0::diff3,process_diff,0.5333,0.6667,0.1333
diffutils::O0::sdiff,edit,0.6957,0.7391,0.0435
diffutils::O0::sdiff,expand_name,0.5,0.625,0.125
diffutils::O0::sdiff,interact,0.6,0.6667,0.0667
diffutils::O0::sdiff,lf_copy,0.25,0.5,0.25
diffutils::O0::sdiff,main,0.5789,0.8421,0.2632
diffutils::O0::sdiff,perror_fatal,0.5,1.0,0.5
diffutils::O2-noinline::diff,format_ifdef,0.6667,0.8333,0.1667
diffutils::O2-noinline::diff,perror_with_name,0.0,1.0,1.0
diffutils::O2-noinline::diff,pfatal_with_name,0.0,0.5,0.5
diffutils::O2-noinline::diff,print_1_line,0.0,0.5,0.5
diffutils::O2-noinline::diff,print_context_label,0.0,0.3333,0.3333
diffutils::O2-noinline::diff,specify_value,0.3333,0.6667,0.3333
diffutils::O2-noinline::diff3,output_diff3_edscript,0.1429,0.3571,0.2143
diffutils::O2-noinline::diff3,output_diff3_merge,0.3125,0.4375,0.125
diffutils::O2-noinline::diff3,perror_with_exit,0.0,1.0,1.0
diffutils::O2-noinline::diff3,process_diff,0.125,0.25,0.125
diffutils::O2-noinline::sdiff,edit,0.3043,0.4348,0.1304
diffutils::O2-noinline::sdiff,expand_name,0.25,0.375,0.125
diffutils::O2-noinline::sdiff,interact,0.2667,0.4667,0.2
diffutils::O2-noinline::sdiff,lf_copy,0.25,0.5,0.25
diffutils::O2-noinline::sdiff,perror_fatal,0.0,0.5,0.5
diffutils::O2::diff,perror_with_name,0.0,1.0,1.0
diffutils::O2::diff,pfatal_with_name,0.0,0.5,0.5
diffutils::O2::diff,print_1_line,0.0,0.5,0.5
diffutils::O2::diff,print_context_label,0.0,0.2727,0.2727
diffutils::O2::diff3,perror_with_exit,0.0,1.0,1.0
diffutils::O2::sdiff,edit,0.3043,0.4348,0.1304
diffutils::O2::sdiff,lf_copy,0.1667,0.3333,0.1667
diffutils::O2::sdiff,perror_fatal,0.0,0.5,0.5
findutils::O0::find,build_expression_tree,0.3333,0.4167,0.0833
findutils::O0::find,checked_print_quoted,0.0,0.25,0.25
findutils::O0::find,collect_arg,0.2,0.4,0.2
findutils::O0::find,collect_arg_stat_info,0.0,0.2,0.2
findutils::O0::find,debug_stat,0.0,0.6667,0.6667
findutils::O0::find,do_fprintf,0.4737,0.5263,0.0526
findutils::O0::find,fallback_getfilecon,0.5,0.75,0.25
findutils::O0::find,found_parser,0.0,0.5,0.5
findutils::O0::find,get_num,0.0,0.5,0.5
findutils::O0::find,initialize_wd_for_exec,0.3333,0.6667,0.3333
findutils::O0::find,insert_depthspec,0.5714,0.7143,0.1429
findutils::O0::find,insert_fls,0.0,0.3333,0.3333
findutils::O0::find,insert_fprint,0.0,0.3333,0.3333
findutils::O0::find,insert_num,0.2857,0.4286,0.1429
findutils::O0::find,insert_path_check,0.125,0.5,0.375
findutils::O0::find,insert_regex,0.25,0.5,0.25
findutils::O0::find,insert_type,0.4444,0.5556,0.1111
findutils::O0::find,is_ok,0.0,1.0,1.0
findutils::O0::find,optionh_getfilecon,0.5,0.75,0.25
findutils::O0::find,optionl_getfilecon,0.5,0.75,0.25
findutils::O0::find,optionp_getfilecon,0.3333,0.6667,0.3333
findutils::O0::find,parse_amin,0.0,0.3333,0.3333
findutils::O0::find,parse_anewer,0.0,0.1667,0.1667
findutils::O0::find,parse_cmin,0.0,0.3333,0.3333
findutils::O0::find,parse_cnewer,0.0,0.1667,0.1667
findutils::O0::find,parse_exec,0.0,0.3333,0.3333
findutils::O0::find,parse_execdir,0.0,0.3333,0.3333
findutils::O0::find,parse_files0_from,0.0,0.25,0.25
findutils::O0::find,parse_fprint,0.0,0.2,0.2
findutils::O0::find,parse_fstype,0.0,0.4,0.4
findutils::O0::find,parse_group,0.5556,0.6667,0.1111
findutils::O0::find,parse_ilname,0.0,0.2,0.2
findutils::O0::find,parse_iname,0.0,0.2,0.2
findutils::O0::find,parse_ipath,0.0,0.3333,0.3333
findutils::O0::find,parse_iregex,0.0,0.3333,0.3333
findutils::O0::find,parse_iwholename,0.0,0.3333,0.3333
findutils::O0::find,parse_lname,0.0,0.2,0.2
findutils::O0::find,parse_maxdepth,0.0,0.3333,0.3333
findutils::O0::find,parse_mindepth,0.0,0.3333,0.3333
findutils::O0::find,parse_mmin,0.0,0.3333,0.3333
findutils::O0::find,parse_newer,0.0,0.1667,0.1667
findutils::O0::find,parse_ok,0.0,0.3333,0.3333
findutils::O0::find,parse_okdir,0.0,0.3333,0.3333
findutils::O0::find,parse_path,0.0,0.3333,0.3333
findutils::O0::find,parse_perm,0.4,0.5,0.1
findutils::O0::find,parse_regex,0.0,0.3333,0.3333
findutils::O0::find,parse_regextype,0.0,0.25,0.25
findutils::O0::find,parse_samefile,0.3,0.4,0.1
findutils::O0::find,parse_type,0.0,0.3333,0.3333
findutils::O0::find,parse_used,0.125,0.25,0.125
findutils::O0::find,parse_user,0.5,0.625,0.125
findutils::O0::find,parse_wholename,0.0,0.3333,0.3333
findutils::O0::find,parse_xtype,0.0,0.3333,0.3333
findutils::O0::find,pred_fls,0.0,0.25,0.25
findutils::O0::find,pred_fprintf,0.125,0.25,0.125
findutils::O0::find,pred_iname,0.0,0.3333,0.3333
findutils::O0::find,pred_ls,0.0,0.3333,0.3333
findutils::O0::find,pred_name,0.0,0.3333,0.3333
findutils::O0::find,pred_name_common,0.6,0.8,0.2
findutils::O0::find,pred_ok,0.0,0.3333,0.3333
findutils::O0::find,pred_okdir,0.0,0.3333,0.3333
findutils::O0::find,pred_print0,0.0,0.3333,0.3333
findutils::O0::find,process_all_startpoints,0.6667,0.7333,0.0667
findutils::O2-noinline::find,check_name_arg,0.0,0.6667,0.6667
findutils::O2-noinline::find,check_path_safety,0.3333,0.5,0.1667
findutils::O2-noinline::find,checked_print_quoted,0.0,0.5,0.5
findutils::O2-noinline::find,collect_arg,0.0,0.2,0.2
findutils::O2-noinline::find,collect_arg_stat_info,0.0,0.2,0.2
findutils::O2-noinline::find,debug_stat,0.0,0.4,0.4
findutils::O2-noinline::find,digest_mode,0.2,0.6,0.4
findutils::O2-noinline::find,fallback_getfilecon,0.4,0.6,0.2
findutils::O2-noinline::find,fatal_nontarget_file_error,0.5,1.0,0.5
findutils::O2-noinline::find,fatal_target_file_error,0.5,1.0,0.5
findutils::O2-noinline::find,found_parser,0.0,0.5,0.5
findutils::O2-noinline::find,get_info,0.0,0.25,0.25
findutils::O2-noinline::find,get_num,0.0,0.25,0.25
findutils::O2-noinline::find,get_statinfo,0.0,0.6667,0.6667
findutils::O2-noinline::find,initialize_wd_for_exec,0.3333,0.6667,0.3333
findutils::O2-noinline::find,insert_exec_ok,0.0556,0.1111,0.0556
findutils::O2-noinline::find,insert_fls,0.0,0.3333,0.3333
findutils::O2-noinline::find,insert_fprint,0.0,0.3333,0.3333
findutils::O2-noinline::find,insert_num,0.2857,0.4286,0.1429
findutils::O2-noinline::find,insert_path_check,0.0,0.375,0.375
findutils::O2-noinline::find,insert_regex,0.25,0.375,0.125
findutils::O2-noinline::find,insert_type,0.1111,0.2222,0.1111
findutils::O2-noinline::find,is_ok,0.0,0.5,0.5
findutils::O2-noinline::find,nonfatal_nontarget_file_error,0.5,1.0,0.5
findutils::O2-noinline::find,nonfatal_target_file_error,0.5,1.0,0.5
findutils::O2-noinline::find,optionh_getfilecon,0.0,0.25,0.25
findutils::O2-noinline::find,optionl_getfilecon,0.0,0.25,0.25
findutils::O2-noinline::find,parse_anewer,0.0,0.1667,0.1667
findutils::O2-noinline::find,parse_cnewer,0.0,0.1667,0.1667
findutils::O2-noinline::find,parse_exec,0.0,0.3333,0.3333
findutils::O2-noinline::find,parse_execdir,0.0,0.3333,0.3333
findutils::O2-noinline::find,parse_files0_from,0.0,0.25,0.25
findutils::O2-noinline::find,parse_fprint,0.0,0.2,0.2
findutils::O2-noinline::find,parse_fstype,0.0,0.3333,0.3333
findutils::O2-noinline::find,parse_group,0.1111,0.2222,0.1111
findutils::O2-noinline::find,parse_ilname,0.0,0.2,0.2
findutils::O2-noinline::find,parse_iname,0.0,0.2,0.2
findutils::O2-noinline::find,parse_iregex,0.0,0.3333,0.3333
findutils::O2-noinline::find,parse_lname,0.0,0.2,0.2
findutils::O2-noinline::find,parse_newer,0.0,0.1667,0.1667
findutils::O2-noinline::find,parse_ok,0.0,0.3333,0.3333
findutils::O2-noinline::find,parse_okdir,0.0,0.3333,0.3333
findutils::O2-noinline::find,parse_perm,0.0833,0.1667,0.0833
findutils::O2-noinline::find,parse_regex,0.0,0.3333,0.3333
findutils::O2-noinline::find,parse_regextype,0.0,0.25,0.25
findutils::O2-noinline::find,parse_samefile,0.1111,0.2222,0.1111
findutils::O2-noinline::find,parse_type,0.0,0.3333,0.3333
findutils::O2-noinline::find,parse_used,0.0,0.2857,0.2857
findutils::O2-noinline::find,parse_user,0.125,0.25,0.125
findutils::O2-noinline::find,parse_xtype,0.0,0.3333,0.3333
findutils::O2-noinline::find,pred_context,0.2,0.4,0.2
findutils::O2-noinline::find,pred_delete,0.0,0.25,0.25
findutils::O2-noinline::find,pred_empty,0.0,0.1429,0.1429
findutils::O2-noinline::find,pred_fls,0.0,0.25,0.25
findutils::O2-noinline::find,pred_fprint,0.0,0.3333,0.3333
findutils::O2-noinline::find,pred_fprintf,0.0,0.1429,0.1429
findutils::O2-noinline::find,pred_ilname,0.0,0.3333,0.3333
findutils::O2-noinline::find,pred_iname,0.0,0.3333,0.3333
findutils::O2-noinline::find,pred_lname,0.0,0.3333,0.3333
findutils::O2-noinline::find,pred_name,0.0,0.3333,0.3333
findutils::O2-noinline::find,pred_name_common,0.4,0.6,0.2
findutils::O2-noinline::find,pred_newerXY,0.0,0.2,0.2
findutils::O2-noinline::find,pred_ok,0.0,0.3333,0.3333
findutils::O2-noinline::find,pred_okdir,0.0,0.3333,0.3333
findutils::O2-noinline::find,pred_samefile,0.0,0.3333,0.3333
findutils::O2-noinline::find,pred_xtype,0.0,0.2,0.2
findutils::O2-noinline::find,report_file_err,0.75,1.0,0.25
findutils::O2-noinline::find,safely_quote_err_filename,0.0,0.5,0.5
findutils::O2::find,apply_predicate,0.0,0.1429,0.1429
findutils::O2::find,digest_mode,0.2,0.6,0.4
findutils::O2::find,do_fprintf,0.0417,0.0833,0.0417
findutils::O2::find,fatal_nontarget_file_error,0.1667,0.3333,0.1667
findutils::O2::find,fatal_target_file_error,0.1667,0.3333,0.1667
findutils::O2::find,get_statinfo,0.0,0.5,0.5
findutils::O2::find,insert_exec_ok,0.125,0.1667,0.0417
findutils::O2::find,insert_path_check,0.0769,0.1538,0.0769
findutils::O2::find,is_ok,0.0,0.5,0.5
findutils::O2::find,optionl_getfilecon,0.0,0.25,0.25
findutils::O2::find,parse_exec,0.0,0.3333,0.3333
findutils::O2::find,parse_execdir,0.0,0.3333,0.3333
findutils::O2::find,parse_iregex,0.0,0.3333,0.3333
findutils::O2::find,parse_ok,0.0,0.3333,0.3333
findutils::O2::find,parse_okdir,0.0,0.3333,0.3333
findutils::O2::find,parse_regex,0.0,0.3333,0.3333
findutils::O2::find,parse_type,0.0,0.3333,0.3333
findutils::O2::find,parse_xtype,0.0,0.3333,0.3333
findutils::O2::find,pred_comma,0.0,0.3333,0.3333
findutils::O2::find,pred_context,0.2,0.4,0.2
findutils::O2::find,pred_delete,0.0,0.25,0.25
findutils::O2::find,pred_empty,0.0,0.1429,0.1429
findutils::O2::find,pred_fprintf,0.0,0.125,0.125
findutils::O2::find,pred_ilname,0.0,0.125,0.125
findutils::O2::find,pred_iname,0.0,0.125,0.125
findutils::O2::find,pred_lname,0.0,0.125,0.125
findutils::O2::find,pred_ls,0.0,0.1667,0.1667
findutils::O2::find,pred_name,0.0,0.125,0.125
findutils::O2::find,pred_negate,0.0,0.3333,0.3333
findutils::O2::find,pred_newerXY,0.0,0.0909,0.0909
findutils::O2::find,pred_ok,0.0,0.3333,0.3333
findutils::O2::find,pred_okdir,0.0,0.3333,0.3333
findutils::O2::find,pred_samefile,0.0,0.3333,0.3333
findutils::O2::find,pred_xtype,0.0,0.2,0.2
grep::O0::grep,acexec,0.4,0.6,0.2
grep::O0::grep,context_length_arg,0.5,1.0,0.5
grep::O0::grep,dfaerror,0.0,1.0,1.0
grep::O0::grep,dfawarn,0.0,1.0,1.0
grep::O0::grep,fgrep_icase_charlen,0.7778,0.8889,0.1111
grep::O0::grep,get_nondigit_option,0.6667,0.7778,0.1111
grep::O0::grep,grepfile,0.6667,0.8333,0.1667
grep::O0::grep,pr_sgr_end_if,0.0,1.0,1.0
grep::O0::grep,pr_sgr_start_if,0.0,1.0,1.0
grep::O0::grep,print_line_middle,0.3,0.5,0.2
grep::O0::grep,print_line_tail,0.4,0.6,0.2
grep::O0::grep,print_offset,0.5,1.0,0.5
grep::O0::grep,skipped_file,0.0,0.25,0.25
grep::O2-noinline::grep,buf_has_encoding_errors,0.4,0.2,-0.2
grep::O2-noinline::grep,context_length_arg,0.5,1.0,0.5
grep::O2-noinline::grep,dfaerror,0.0,1.0,1.0
grep::O2-noinline::grep,dfawarn,0.0,1.0,1.0
grep::O2-noinline::grep,fgrep_icase_charlen,0.3,0.4,0.1
grep::O2-noinline::grep,get_nondigit_option,0.3636,0.4545,0.0909
grep::O2-noinline::grep,print_line_middle,0.1111,0.3333,0.2222
grep::O2-noinline::grep,print_offset,0.5,1.0,0.5
grep::O2-noinline::grep,skipped_file,0.0,0.25,0.25
grep::O2::grep,dfaerror,0.0,1.0,1.0
grep::O2::grep,dfawarn,0.0,1.0,1.0
grep::O2::grep,grepfile,0.1667,0.3333,0.1667
gzip::O0::gzip,clear_ungetc_buffer_preserving_position,0.0,1.0,1.0
gzip::O0::gzip,create_outfile,0.75,0.875,0.125
gzip::O0::gzip,file_read,0.6667,1.0,0.3333
gzip::O0::gzip,flush_block,0.8571,1.0,0.1429
gzip::O0::gzip,gzip_base_name,0.0,1.0,1.0
gzip::O0::gzip,gzip_error,0.0,1.0,1.0
gzip::O0::gzip,open_input_file,0.5,0.6,0.1
gzip::O0::gzip,savedir,0.25,0.5,0.25
gzip::O0::gzip,streamsavedir,0.5714,0.6429,0.0714
gzip::O0::gzip,utimens,0.0,0.5,0.5
gzip::O0::gzip,warning,0.0,1.0,1.0
gzip::O0::gzip,write_buf,0.75,1.0,0.25
gzip::O0::gzip,x2nrealloc,0.75,1.0,0.25
gzip::O0::gzip,x2realloc,0.0,1.0,1.0
gzip::O0::gzip,xirealloc,0.5,1.0,0.5
gzip::O0::gzip,xireallocarray,0.6667,1.0,0.3333
gzip::O0::gzip,xpalloc,0.8889,1.0,0.1111
gzip::O2-noinline::gzip,clear_ungetc_buffer_preserving_position,0.0,1.0,1.0
gzip::O2-noinline::gzip,file_read,0.3333,0.6667,0.3333
gzip::O2-noinline::gzip,flush_block,0.4286,0.5714,0.1429
gzip::O2-noinline::gzip,utimens,0.0,0.5,0.5
gzip::O2-noinline::gzip,write_buf,0.25,0.5,0.25
gzip::O2-noinline::gzip,x2nrealloc,0.5,0.75,0.25
gzip::O2-noinline::gzip,x2realloc,0.0,1.0,1.0
gzip::O2-noinline::gzip,xpalloc,0.5,0.625,0.125
gzip::O2::gzip,file_read,0.3333,0.6667,0.3333
gzip::O2::gzip,flush_block,0.2,0.2667,0.0667
gzip::O2::gzip,utimens,0.0,0.5,0.5
shadow::O0::chfn,update_gecos,0.3,0.4,0.1
shadow::O0::chsh,is_restricted_shell,0.0,1.0,1.0
shadow::O0::chsh,update_shell,0.3333,0.4167,0.0833
shadow::O0::gpasswd,is_valid_user_list,0.6,0.8,0.2
shadow::O0::gpasswd,log_gpasswd_failure,0.4667,0.5333,0.0667
shadow::O0::gpasswd,log_gpasswd_success,0.4667,0.5333,0.0667
shadow::O0::groupmems,add_user,0.0,0.1667,0.1667
shadow::O0::groupmems,main,0.5,0.75,0.25
shadow::O0::groupmems,remove_user,0.0,0.1667,0.1667
shadow::O0::grpck,compare_members_lists,0.0,0.4286,0.4286
shadow::O0::login,main,0.8852,0.9016,0.0164
shadow::O0::login,update_utmp,0.0,0.6,0.6
shadow::O0::newgrp,check_perms,0.2727,0.3636,0.0909
shadow::O0::newgrp,find_matching_group,0.3333,0.6667,0.3333
shadow::O0::newgrp,syslog_sg,0.8947,1.0,0.1053
shadow::O0::newusers,add_group,0.4,0.5,0.1
shadow::O0::newusers,add_user,0.5,0.75,0.25
shadow::O0::su,su_failure,0.5,0.75,0.25
shadow::O0::useradd,tallylog_reset,0.75,0.875,0.125
shadow::O0::usermod,prepend_range,0.0,0.25,0.25
shadow::O0::vipw,vipwexit,0.6667,0.8333,0.1667
shadow::O2-noinline::gpasswd,is_valid_user_list,0.0,0.1429,0.1429
shadow::O2-noinline::gpasswd,log_gpasswd_failure,0.0,0.0667,0.0667
shadow::O2-noinline::gpasswd,log_gpasswd_success,0.0,0.0667,0.0667
shadow::O2-noinline::groupmems,add_user,0.0,0.1,0.1
shadow::O2-noinline::groupmems,remove_user,0.0,0.1,0.1
shadow::O2-noinline::newgrp,check_perms,0.0,0.0667,0.0667
shadow::O2-noinline::newgrp,find_matching_group,0.0,0.3333,0.3333
shadow::O2-noinline::newgrp,syslog_sg,0.1579,0.2105,0.0526
shadow::O2-noinline::newusers,add_group,0.2143,0.2857,0.0714
shadow::O2-noinline::newusers,add_user,0.3333,0.5,0.1667
shadow::O2-noinline::su,su_failure,0.0,0.25,0.25
shadow::O2-noinline::useradd,tallylog_reset,0.1,0.2,0.1
shadow::O2-noinline::usermod,prepend_range,0.0,0.1667,0.1667
shadow::O2-noinline::vipw,vipwexit,0.1333,0.2,0.0667
shadow::O2::gpasswd,is_valid_user_list,0.0,0.1429,0.1429
shadow::O2::gpasswd,log_gpasswd_failure,0.0,0.0667,0.0667
shadow::O2::gpasswd,log_gpasswd_success,0.0,0.0667,0.0667
shadow::O2::su,su_failure,0.0,0.25,0.25
shadow::O2::vipw,vipwexit,0.1333,0.2,0.0667
tar::O0::tar,add_starting_file,0.0,0.3333,0.3333
tar::O0::tar,addname,0.4,0.6,0.2
tar::O0::tar,assign_string,0.0,0.5,0.5
tar::O0::tar,assign_time_option,0.4,0.6,0.2
tar::O0::tar,atime_coder,0.0,0.25,0.25
tar::O0::tar,atime_decoder,0.2,0.6,0.4
tar::O0::tar,attach_directory,0.0,0.3333,0.3333
tar::O0::tar,blocking_read,0.8,1.0,0.2
tar::O0::tar,blocking_write,0.6667,0.8333,0.1667
tar::O0::tar,check_time,0.0,0.2,0.2
tar::O0::tar,code_num,0.3333,0.6667,0.3333
tar::O0::tar,code_signed_num,0.5,0.6667,0.1667
tar::O0::tar,code_string,0.0,0.5,0.5
tar::O0::tar,compare_directory_canonical_names,0.0,0.5,0.5
tar::O0::tar,compare_directory_meta,0.0,0.5,0.5
tar::O0::tar,confirm,0.4286,0.5714,0.1429
tar::O0::tar,copy_string_unquote,0.3333,0.6667,0.3333
tar::O0::tar,create_archive,0.5556,0.6667,0.1111
tar::O0::tar,ctime_coder,0.0,0.25,0.25
tar::O0::tar,ctime_decoder,0.2,0.6,0.4
tar::O0::tar,cvs_addfn,0.3333,0.5,0.1667
tar::O0::tar,decg,0.1667,0.5,0.3333
tar::O0::tar,decode_options,0.3333,0.381,0.0476
tar::O0::tar,decode_signed_num,0.7143,1.0,0.2857
tar::O0::tar,decode_string,0.0,0.5,0.5
tar::O0::tar,decode_time,0.4,0.6,0.2
tar::O0::tar,decx,0.1667,0.3333,0.1667
tar::O0::tar,dump_dir0,0.7647,0.8824,0.1176
tar::O0::tar,dump_file0,0.6111,0.6667,0.0556
tar::O0::tar,dumpdir_coder,0.0,0.25,0.25
tar::O0::tar,dumpdir_create,0.0,1.0,1.0
tar::O0::tar,excluded_name,0.4286,0.5714,0.1429
tar::O0::tar,exclusion_tag_warning,0.0,0.3333,0.3333
tar::O0::tar,extract_dir,0.7,0.8,0.1
tar::O0::tar,extract_fifo,0.5,0.75,0.25
tar::O0::tar,extract_file,0.8,0.8667,0.0667
tar::O0::tar,extract_node,0.5,0.75,0.25
tar::O0::tar,extract_symlink,0.6667,1.0,0.3333
tar::O0::tar,file_newer_p,0.0,0.25,0.25
tar::O0::tar,find_compression_program,0.0,0.3333,0.3333
tar::O0::tar,find_directory,0.0,0.25,0.25
tar::O0::tar,from_header,0.7143,0.75,0.0357
tar::O0::tar,get_stat_data,0.3333,1.0,0.6667
tar::O0::tar,gid_coder,0.0,0.25,0.25
tar::O0::tar,gid_decoder,0.2,0.6,0.4
tar::O0::tar,gid_from_header,0.5,1.0,0.5
tar::O0::tar,gname_coder,0.0,0.25,0.25
tar::O0::tar,gname_decoder,0.25,0.5,0.25
tar::O0::tar,group_map_read,0.0,1.0,1.0
tar::O0::tar,handle_file_selection_option,0.6667,1.0,0.3333
tar::O0::tar,hash_directory_canonical_name,0.3333,0.6667,0.3333
tar::O0::tar,hash_directory_meta,0.3333,0.6667,0.3333
tar::O0::tar,linkpath_coder,0.0,0.25,0.25
tar::O0::tar,linkpath_decoder,0.25,0.5,0.25
tar::O0::tar,major_from_header,0.5,1.0,0.5
tar::O0::tar,make_name,0.0,0.5,0.5
tar::O0::tar,map_read,0.6667,0.7778,0.1111
tar::O0::tar,minor_from_header,0.5,1.0,0.5
tar::O0::tar,mode_from_header,0.6,0.8,0.2
tar::O0::tar,mtime_coder,0.0,0.2,0.2
tar::O0::tar,mtime_decoder,0.2,0.6,0.4
tar::O0::tar,mv_begin_write,0.5,0.75,0.25
tar::O0::tar,name_compare,0.0,0.5,0.5
tar::O0::tar,name_hash,0.3333,0.6667,0.3333
tar::O0::tar,namelist_match,0.3333,0.6667,0.3333
tar::O0::tar,next_decompress_program,0.0,0.5,0.5
tar::O0::tar,note_directory,0.375,0.5,0.125
tar::O0::tar,off_from_header,0.5,1.0,0.5
tar::O0::tar,option_conflict_error,0.0,1.0,1.0
tar::O0::tar,out_of_range_header,0.25,0.5,0.25
tar::O0::tar,owner_map_read,0.0,1.0,1.0
tar::O0::tar,parse_id,0.625,1.0,0.375
tar::O0::tar,parse_opt,0.3333,0.3889,0.0556
tar::O0::tar,path_coder,0.0,0.25,0.25
tar::O0::tar,path_decoder,0.25,0.5,0.25
tar::O0::tar,prepare_to_extract,0.25,0.5,0.25
tar::O0::tar,purge_directory,0.0,1.0,1.0
tar::O0::tar,queue_deferred_unlink,0.2,0.4,0.2
tar::O0::tar,raw_path_decoder,0.0,0.5,0.5
tar::O0::tar,read_num,0.6429,0.7143,0.0714
tar::O0::tar,read_timespec,0.5,0.75,0.25
tar::O0::tar,regex_usage_warning,0.0,0.5,0.5
tar::O0::tar,rename_directory,0.5,1.0,0.5
tar::O0::tar,request_stdin,0.0,1.0,1.0
tar::O0::tar,run_decompress_program,0.2,0.6,0.4
tar::O0::tar,scan_directory,0.3529,0.5882,0.2353
tar::O0::tar,set_compression_program_by_suffix,0.0,0.3333,0.3333
tar::O0::tar,set_mode,0.6667,0.7778,0.1111
tar::O0::tar,set_stat_signal,0.0,1.0,1.0
tar::O0::tar,set_xattr,0.7143,0.8571,0.1429
tar::O0::tar,size_coder,0.0,0.25,0.25
tar::O0::tar,size_decoder,0.4,0.8,0.4
tar::O0::tar,sparse_major_coder,0.0,0.25,0.25
tar::O0::tar,sparse_major_decoder,0.2,0.6,0.4
tar::O0::tar,sparse_map_decoder,0.625,0.75,0.125
tar::O0::tar,sparse_minor_coder,0.0,0.25,0.25
tar::O0::tar,sparse_minor_decoder,0.2,0.6,0.4
tar::O0::tar,sparse_numblocks_coder,0.0,0.25,0.25
tar::O0::tar,sparse_numblocks_decoder,0.4,0.8,0.4
tar::O0::tar,sparse_numbytes_coder,0.0,0.2,0.2
tar::O0::tar,sparse_numbytes_decoder,0.4,0.8,0.4
tar::O0::tar,sparse_offset_coder,0.0,0.2,0.2
tar::O0::tar,sparse_offset_decoder,0.4,0.8,0.4
tar::O0::tar,sparse_path_decoder,0.25,0.5,0.25
tar::O0::tar,sparse_size_coder,0.0,0.25,0.25
tar::O0::tar,sparse_size_decoder,0.4,0.8,0.4
tar::O0::tar,stat_to_env,0.3333,0.6667,0.3333
tar::O0::tar,strip_compression_suffix,0.25,0.5,0.25
tar::O0::tar,sys_exec_command,0.25,0.5,0.25
tar::O0::tar,time_from_header,0.5,1.0,0.5
tar::O0::tar,to_chars_subst,0.7826,0.8696,0.087
tar::O0::tar,try_purge_directory,0.5385,0.6923,0.1538
tar::O0::tar,uid_coder,0.0,0.25,0.25
tar::O0::tar,uid_decoder,0.2,0.6,0.4
tar::O0::tar,uid_from_header,0.5,1.0,0.5
tar::O0::tar,uintmax_from_header,0.5,1.0,0.5
tar::O0::tar,uname_coder,0.0,0.25,0.25
tar::O0::tar,uname_decoder,0.25,0.5,0.25
tar::O0::tar,volume_filename_decoder,0.25,0.5,0.25
tar::O0::tar,volume_label_coder,0.0,0.25,0.25
tar::O0::tar,volume_label_decoder,0.25,0.5,0.25
tar::O0::tar,volume_offset_coder,0.0,0.2,0.2
tar::O0::tar,volume_offset_decoder,0.4,0.8,0.4
tar::O0::tar,volume_size_coder,0.0,0.2,0.2
tar::O0::tar,volume_size_decoder,0.4,0.8,0.4
tar::O0::tar,write_directory_file_entry,0.375,0.5,0.125
tar::O0::tar,xattr_acls_a_coder,0.0,0.25,0.25
tar::O0::tar,xattr_acls_d_coder,0.0,0.25,0.25
tar::O0::tar,xattr_coder,0.0,0.1667,0.1667
tar::O0::tar,xattr_selinux_coder,0.0,0.25,0.25
tar::O0::tar,xattr_selinux_decoder,0.25,0.5,0.25
tar::O0::tar,xattrs__fd_set,0.5,0.625,0.125
tar::O0::tar,xattrs_kw_excluded,0.0,0.5,0.5
tar::O0::tar,xattrs_masked_out,0.5,1.0,0.5
tar::O0::tar,xattrs_selinux_get,0.6,0.8,0.2
tar::O0::tar,xattrs_selinux_set,0.6,0.8,0.2
tar::O0::tar,xattrs_xattrs_get,0.5,0.5833,0.0833
tar::O0::tar,xattrs_xattrs_set,0.5,0.6667,0.1667
tar::O0::tar,xheader_format_name,0.5714,0.6429,0.0714
tar::O0::tar,xheader_list_append,0.0,0.5,0.5
tar::O0::tar,xheader_print,0.3333,0.6667,0.3333
tar::O0::tar,xheader_print_n,0.4,0.5,0.1
tar::O0::tar,xheader_set_single_keyword,0.0,1.0,1.0
tar::O0::tar,xheader_store,0.0,0.25,0.25
tar::O0::tar,xheader_xattr__add,0.3333,0.5,0.1667
tar::O2-noinline::tar,add_starting_file,0.0,0.3333,0.3333
tar::O2-noinline::tar,assign_string,0.0,0.5,0.5
tar::O2-noinline::tar,assign_time_option,0.5,0.75,0.25
tar::O2-noinline::tar,atime_coder,0.0,0.25,0.25
tar::O2-noinline::tar,atime_decoder,0.0,0.4,0.4
tar::O2-noinline::tar,attach_directory,0.0,0.3333,0.3333
tar::O2-noinline::tar,blocking_read,0.2,0.4,0.2
tar::O2-noinline::tar,blocking_write,0.1667,0.3333,0.1667
tar::O2-noinline::tar,check_time,0.0,0.2,0.2
tar::O2-noinline::tar,code_num,0.3333,0.6667,0.3333
tar::O2-noinline::tar,code_string,0.0,0.5,0.5
tar::O2-noinline::tar,compare_directory_canonical_names,0.0,0.5,0.5
tar::O2-noinline::tar,compare_directory_meta,0.0,0.5,0.5
tar::O2-noinline::tar,confirm,0.25,0.375,0.125
tar::O2-noinline::tar,copy_string_unquote,0.0,0.1667,0.1667
tar::O2-noinline::tar,ctime_coder,0.0,0.25,0.25
tar::O2-noinline::tar,ctime_decoder,0.0,0.4,0.4
tar::O2-noinline::tar,cvs_addfn,0.1667,0.3333,0.1667
tar::O2-noinline::tar,decg,0.1667,0.5,0.3333
tar::O2-noinline::tar,decode_string,0.0,0.5,0.5
tar::O2-noinline::tar,decode_time,0.4,0.6,0.2
tar::O2-noinline::tar,decx,0.1667,0.3333,0.1667
tar::O2-noinline::tar,dump_file0,0.2778,0.3333,0.0556
tar::O2-noinline::tar,dumpdir_coder,0.0,0.25,0.25
tar::O2-noinline::tar,dumpdir_create,0.0,1.0,1.0
tar::O2-noinline::tar,exclusion_tag_warning,0.0,1.0,1.0
tar::O2-noinline::tar,extract_dir,0.2,0.3,0.1
tar::O2-noinline::tar,extract_fifo,0.25,0.5,0.25
tar::O2-noinline::tar,extract_file,0.3571,0.4286,0.0714
tar::O2-noinline::tar,extract_node,0.25,0.5,0.25
tar::O2-noinline::tar,extract_symlink,0.3333,0.6667,0.3333
tar::O2-noinline::tar,file_removed_diag,0.3333,0.6667,0.3333
tar::O2-noinline::tar,find_compression_program,0.0,0.3333,0.3333
tar::O2-noinline::tar,find_directory,0.0,0.25,0.25
tar::O2-noinline::tar,from_header,0.1481,0.1852,0.037
tar::O2-noinline::tar,get_stat_data,0.0,0.6667,0.6667
tar::O2-noinline::tar,gid_coder,0.0,0.25,0.25
tar::O2-noinline::tar,gid_decoder,0.0,0.4,0.4
tar::O2-noinline::tar,gname_decoder,0.0,0.25,0.25
tar::O2-noinline::tar,group_map_read,0.0,1.0,1.0
tar::O2-noinline::tar,handle_file_selection_option,0.3333,0.6667,0.3333
tar::O2-noinline::tar,hash_directory_canonical_name,0.0,0.3333,0.3333
tar::O2-noinline::tar,hash_directory_meta,0.3333,0.6667,0.3333
tar::O2-noinline::tar,linkpath_decoder,0.0,0.25,0.25
tar::O2-noinline::tar,make_name,0.0,0.5,0.5
tar::O2-noinline::tar,mtime_coder,0.0,0.2,0.2
tar::O2-noinline::tar,mtime_decoder,0.0,0.4,0.4
tar::O2-noinline::tar,mv_begin_write,0.5,0.75,0.25
tar::O2-noinline::tar,name_compare,0.0,0.5,0.5
tar::O2-noinline::tar,name_hash,0.0,0.3333,0.3333
tar::O2-noinline::tar,name_match,0.0,0.5,0.5
tar::O2-noinline::tar,name_scan,0.0,0.5,0.5
tar::O2-noinline::tar,next_decompress_program,0.0,0.5,0.5
tar::O2-noinline::tar,note_directory,0.375,0.5,0.125
tar::O2-noinline::tar,off_from_header,0.5,1.0,0.5
tar::O2-noinline::tar,option_conflict_error,0.0,1.0,1.0
tar::O2-noinline::tar,out_of_range_header,0.25,0.5,0.25
tar::O2-noinline::tar,owner_map_read,0.0,1.0,1.0
tar::O2-noinline::tar,path_decoder,0.0,0.25,0.25
tar::O2-noinline::tar,prepare_to_extract,0.25,0.5,0.25
tar::O2-noinline::tar,print_for_mkdir,0.3333,0.5,0.1667
tar::O2-noinline::tar,queue_deferred_unlink,0.0,0.2,0.2
tar::O2-noinline::tar,quote_n_colon,0.5,1.0,0.5
tar::O2-noinline::tar,raw_path_decoder,0.0,0.5,0.5
tar::O2-noinline::tar,read_num,0.2857,0.3571,0.0714
tar::O2-noinline::tar,read_timespec,0.5,0.75,0.25
tar::O2-noinline::tar,regex_usage_warning,0.0,0.5,0.5
tar::O2-noinline::tar,rename_directory,0.25,0.75,0.5
tar::O2-noinline::tar,repair_delayed_set_stat,0.25,0.5,0.25
tar::O2-noinline::tar,request_stdin,0.0,1.0,1.0
tar::O2-noinline::tar,set_mode,0.6667,0.7778,0.1111
tar::O2-noinline::tar,set_stat_signal,0.0,1.0,1.0
tar::O2-noinline::tar,sparse_map_decoder,0.25,0.375,0.125
tar::O2-noinline::tar,sparse_numbytes_decoder,0.2,0.6,0.4
tar::O2-noinline::tar,sparse_offset_decoder,0.2,0.4,0.2
tar::O2-noinline::tar,sparse_path_decoder,0.0,0.25,0.25
tar::O2-noinline::tar,stat_to_env,0.3333,0.6667,0.3333
tar::O2-noinline::tar,strip_compression_suffix,0.1429,0.2857,0.1429
tar::O2-noinline::tar,sys_exec_checkpoint_script,0.5,0.6667,0.1667
tar::O2-noinline::tar,sys_exec_command,0.25,0.5,0.25
tar::O2-noinline::tar,tar_savedir,0.125,0.25,0.125
tar::O2-noinline::tar,to_chars_subst,0.3043,0.3478,0.0435
tar::O2-noinline::tar,try_purge_directory,0.0769,0.1538,0.0769
tar::O2-noinline::tar,uid_coder,0.0,0.25,0.25
tar::O2-noinline::tar,uid_decoder,0.0,0.4,0.4
tar::O2-noinline::tar,uintmax_from_header,0.5,1.0,0.5
tar::O2-noinline::tar,uname_decoder,0.0,0.25,0.25
tar::O2-noinline::tar,unknown_file_error,0.0,1.0,1.0
tar::O2-noinline::tar,volume_filename_decoder,0.0,0.25,0.25
tar::O2-noinline::tar,volume_label_decoder,0.0,0.25,0.25
tar::O2-noinline::tar,write_directory_file_entry,0.0,0.1667,0.1667
tar::O2-noinline::tar,xattr_acls_a_coder,0.0,0.25,0.25
tar::O2-noinline::tar,xattr_acls_d_coder,0.0,0.25,0.25
tar::O2-noinline::tar,xattr_coder,0.0,0.1667,0.1667
tar::O2-noinline::tar,xattr_selinux_decoder,0.0,0.25,0.25
tar::O2-noinline::tar,xattrs_masked_out,0.5,1.0,0.5
tar::O2-noinline::tar,xattrs_selinux_get,0.2,0.4,0.2
tar::O2-noinline::tar,xattrs_selinux_set,0.2,0.4,0.2
tar::O2-noinline::tar,xattrs_xattrs_get,0.25,0.3333,0.0833
tar::O2-noinline::tar,xattrs_xattrs_set,0.3333,0.5,0.1667
tar::O2-noinline::tar,xexec,0.5,1.0,0.5
tar::O2-noinline::tar,xheader_list_append,0.0,0.5,0.5
tar::O2-noinline::tar,xheader_print,0.3333,0.6667,0.3333
tar::O2-noinline::tar,xheader_print_n,0.2,0.3,0.1
tar::O2-noinline::tar,xheader_set_single_keyword,0.0,1.0,1.0
tar::O2-noinline::tar,xheader_store,0.0,0.25,0.25
tar::O2-noinline::tar,xheader_xattr__add,0.4,0.6,0.2
tar::O2::tar,add_starting_file,0.0,0.2,0.2
tar::O2::tar,addname,0.2857,0.4286,0.1429
tar::O2::tar,assign_time_option,0.3333,0.5,0.1667
tar::O2::tar,atime_coder,0.0,0.1429,0.1429
tar::O2::tar,atime_decoder,0.0,0.4,0.4
tar::O2::tar,blocking_read,0.2,0.4,0.2
tar::O2::tar,blocking_write,0.1667,0.3333,0.1667
tar::O2::tar,check_time,0.0,0.1667,0.1667
tar::O2::tar,code_string,0.1429,0.4286,0.2857
tar::O2::tar,compare_directory_canonical_names,0.0,0.5,0.5
tar::O2::tar,compare_directory_meta,0.0,0.5,0.5
tar::O2::tar,confirm,0.0909,0.2727,0.1818
tar::O2::tar,copy_string_unquote,0.0,0.1667,0.1667
tar::O2::tar,ctime_coder,0.0,0.1429,0.1429
tar::O2::tar,ctime_decoder,0.0,0.4,0.4
tar::O2::tar,cvs_addfn,0.1667,0.3333,0.1667
tar::O2::tar,decg,0.1,0.3,0.2
tar::O2::tar,decode_time,0.3333,0.5,0.1667
tar::O2::tar,dump_file0,0.087,0.1087,0.0217
tar::O2::tar,dumpdir_coder,0.0,0.25,0.25
tar::O2::tar,extract_fifo,0.25,0.5,0.25
tar::O2::tar,extract_node,0.25,0.5,0.25
tar::O2::tar,extract_symlink,0.3333,0.6667,0.3333
tar::O2::tar,file_removed_diag,0.3333,0.6667,0.3333
tar::O2::tar,find_directory,0.0,0.25,0.25
tar::O2::tar,from_header,0.1481,0.1852,0.037
tar::O2::tar,gid_coder,0.0,0.1111,0.1111
tar::O2::tar,gid_decoder,0.0,0.4,0.4
tar::O2::tar,gname_decoder,0.0,0.1667,0.1667
tar::O2::tar,group_map_read,0.0,1.0,1.0
tar::O2::tar,hash_directory_canonical_name,0.0,0.3333,0.3333
tar::O2::tar,hash_directory_meta,0.3333,0.6667,0.3333
tar::O2::tar,linkpath_decoder,0.0,0.1667,0.1667
tar::O2::tar,mtime_coder,0.0,0.125,0.125
tar::O2::tar,mtime_decoder,0.0,0.4,0.4
tar::O2::tar,name_compare,0.0,0.5,0.5
tar::O2::tar,name_hash,0.0,0.3333,0.3333
tar::O2::tar,name_match,0.0,0.5,0.5
tar::O2::tar,name_scan,0.0,1.0,1.0
tar::O2::tar,note_directory,0.25,0.3333,0.0833
tar::O2::tar,option_conflict_error,0.0,1.0,1.0
tar::O2::tar,out_of_range_header,0.25,0.5,0.25
tar::O2::tar,owner_map_read,0.0,1.0,1.0
tar::O2::tar,path_decoder,0.0,0.1667,0.1667
tar::O2::tar,print_for_mkdir,0.3333,0.5,0.1667
tar::O2::tar,purge_directory,0.0,0.0714,0.0714
tar::O2::tar,queue_deferred_unlink,0.0,0.125,0.125
tar::O2::tar,quote_n_colon,0.5,1.0,0.5
tar::O2::tar,read_num,0.25,0.3125,0.0625
tar::O2::tar,read_timespec,0.5,0.75,0.25
tar::O2::tar,regex_usage_warning,0.0,0.5,0.5
tar::O2::tar,set_compression_program_by_suffix,0.0,0.1667,0.1667
tar::O2::tar,size_decoder,0.1,0.3,0.2
tar::O2::tar,sparse_major_coder,0.0,0.1667,0.1667
tar::O2::tar,sparse_major_decoder,0.0,0.2,0.2
tar::O2::tar,sparse_map_decoder,0.25,0.375,0.125
tar::O2::tar,sparse_minor_coder,0.0,0.1667,0.1667
tar::O2::tar,sparse_minor_decoder,0.0,0.2,0.2
tar::O2::tar,sparse_numblocks_coder,0.0,0.1667,0.1667
tar::O2::tar,sparse_numblocks_decoder,0.1,0.3,0.2
tar::O2::tar,sparse_numbytes_coder,0.0,0.125,0.125
tar::O2::tar,sparse_offset_coder,0.0,0.125,0.125
tar::O2::tar,sparse_path_decoder,0.0,0.1667,0.1667
tar::O2::tar,sparse_size_decoder,0.1,0.3,0.2
tar::O2::tar,strip_compression_suffix,0.1429,0.2857,0.1429
tar::O2::tar,sys_exec_checkpoint_script,0.5,0.6667,0.1667
tar::O2::tar,tar_savedir,0.125,0.25,0.125
tar::O2::tar,to_chars_subst,0.3043,0.3478,0.0435
tar::O2::tar,uid_coder,0.0,0.1111,0.1111
tar::O2::tar,uid_decoder,0.0,0.4,0.4
tar::O2::tar,uname_decoder,0.0,0.1667,0.1667
tar::O2::tar,unknown_file_error,0.0,1.0,1.0
tar::O2::tar,volume_filename_decoder,0.0,0.2,0.2
tar::O2::tar,volume_label_decoder,0.0,0.2,0.2
tar::O2::tar,volume_offset_decoder,0.1,0.3,0.2
tar::O2::tar,volume_size_coder,0.0,0.125,0.125
tar::O2::tar,volume_size_decoder,0.1,0.3,0.2
tar::O2::tar,write_directory_file_entry,0.0,0.1111,0.1111
tar::O2::tar,xattr_acls_a_coder,0.0,0.25,0.25
tar::O2::tar,xattr_acls_d_coder,0.0,0.25,0.25
tar::O2::tar,xattr_coder,0.0,0.1667,0.1667
tar::O2::tar,xattr_selinux_decoder,0.0,0.1667,0.1667
tar::O2::tar,xattrs_selinux_get,0.2,0.4,0.2
tar::O2::tar,xattrs_selinux_set,0.2,0.4,0.2
tar::O2::tar,xattrs_xattrs_get,0.25,0.3333,0.0833
tar::O2::tar,xattrs_xattrs_set,0.3333,0.5,0.1667
tar::O2::tar,xexec,0.5,1.0,0.5
tar::O2::tar,xheader_xattr__add,0.4,0.6,0.2
