slice,function,round_f,round_g,delta
bzip2::O0::bzip2,applySavedTimeInfoToOutputFile,0.3333,0.6667,0.3333
bzip2::O0::bzip2,uInt64_toAscii,0.4286,0.5714,0.1429
coreutils::O0::chroot,main,0.7692,0.9231,0.1538
coreutils::O0::cp,abandon_move,0.3333,0.5,0.1667
coreutils::O0::cp,computecon,0.5556,1.0,0.4444
coreutils::O0::cp,defaultcon,0.4167,0.6667,0.25
coreutils::O0::cp,fchmod_or_lchmod,0.75,1.0,0.25
coreutils::O0::cp,force_linkat,0.4545,0.6364,0.1818
coreutils::O0::cp,force_symlinkat,0.3333,0.5556,0.2222
coreutils::O0::cp,main,0.5833,0.9167,0.3333
coreutils::O0::cp,make_dir_parents_private,0.72,0.68,-0.04
coreutils::O0::cp,overwrite_ok,0.5,0.6667,0.1667
coreutils::O0::cp,re_protect,0.3846,0.4615,0.0769
coreutils::O0::cp,restorecon_private,0.4615,0.6923,0.2308
coreutils::O0::cp,samedir_template,0.4,0.8,0.4
coreutils::O0::cp,set_owner,0.7059,0.7647,0.0588
coreutils::O0::cp,set_process_security_ctx,0.75,0.875,0.125
coreutils::O0::cp,try_link,0.0,0.3333,0.3333
coreutils::O0::cp,try_symlink,0.0,0.3333,0.3333
coreutils::O0::cp,writable_destination,0.6667,1.0,0.3333
coreutils::O0::csplit,get_format_flags,0.75,1.0,0.25
coreutils::O0::df,replace_problematic_chars,0.0,0.5,0.5
coreutils::O0::dir,dired_outbuf,0.5,1.0,0.5
coreutils::O0::dir,do_lstat,0.0,0.5,0.5
coreutils::O0::dir,do_stat,0.0,0.5,0.5
coreutils::O0::dir,do_statx,0.625,0.75,0.125
coreutils::O0::dir,file_has_acl_cache,0.25,0.5,0.25
coreutils::O0::dir,getfilecon_cache,0.4,0.6,0.2
coreutils::O0::dir,gobble_file,0.697,0.6061,-0.0909
coreutils::O0::dir,has_capability_cache,0.25,0.5,0.25
coreutils::O0::dir,stat_for_ino,0.0,0.5,0.5
coreutils::O0::dir,stat_for_mode,0.0,0.5,0.5
coreutils::O0::ginstall,abandon_move,0.3333,0.5,0.1667
coreutils::O0::ginstall,change_attributes,0.75,1.0,0.25
coreutils::O0::ginstall,change_timestamps,0.4,0.6,0.2
coreutils::O0::ginstall,computecon,0.5556,1.0,0.4444
coreutils::O0::ginstall,copy_file,0.6667,0.8333,0.1667
coreutils::O0::ginstall,defaultcon,0.4167,0.6667,0.25
coreutils::O0::ginstall,fchmod_or_lchmod,0.75,1.0,0.25
coreutils::O0::ginstall,force_linkat,0.4545,0.6364,0.1818
coreutils::O0::ginstall,force_symlinkat,0.3333,0.5556,0.2222
coreutils::O0::ginstall,need_copy,0.8667,0.9333,0.0667
coreutils::O0::ginstall,overwrite_ok,0.5,0.6667,0.1667
coreutils::O0::ginstall,restorecon_private,0.4615,0.6923,0.2308
coreutils::O0::ginstall,samedir_template,0.4,0.8,0.4
coreutils::O0::ginstall,set_owner,0.7059,0.7647,0.0588
coreutils::O0::ginstall,set_process_security_ctx,0.75,0.875,0.125
coreutils::O0::ginstall,setdefaultfilecon,0.5,0.75,0.25
coreutils::O0::ginstall,try_link,0.0,0.3333,0.3333
coreutils::O0::ginstall,try_symlink,0.0,0.3333,0.3333
coreutils::O0::ginstall,writable_destination,0.6667,1.0,0.3333
coreutils::O0::groups,print_group_list,0.8182,0.9091,0.0909
coreutils::O0::id,print_full_info,0.7143,0.8571,0.1429
coreutils::O0::id,print_group_list,0.8182,0.9091,0.0909
coreutils::O0::id,print_stuff,0.0,1.0,1.0
coreutils::O0::ln,atomic_link,0.3333,1.0,0.6667
coreutils::O0::ln,force_linkat,0.4545,0.6364,0.1818
coreutils::O0::ln,force_symlinkat,0.3333,0.5556,0.2222
coreutils::O0::ln,samedir_template,0.4,0.8,0.4
coreutils::O0::ln,try_link,0.0,0.3333,0.3333
coreutils::O0::ln,try_symlink,0.0,0.3333,0.3333
coreutils::O0::ls,dired_outbuf,0.5,1.0,0.5
coreutils::O0::ls,do_lstat,0.0,0.5,0.5
coreutils::O0::ls,do_stat,0.0,0.5,0.5
coreutils::O0::ls,do_statx,0.625,0.75,0.125
coreutils::O0::ls,file_has_acl_cache,0.25,0.5,0.25
coreutils::O0::ls,getfilecon_cache,0.4,0.6,0.2
coreutils::O0::ls,gobble_file,0.697,0.6061,-0.0909
coreutils::O0::ls,has_capability_cache,0.25,0.5,0.25
coreutils::O0::ls,stat_for_ino,0.0,0.5,0.5
coreutils::O0::ls,stat_for_mode,0.0,0.5,0.5
coreutils::O0::mkdir,computecon,0.5556,1.0,0.4444
coreutils::O0::mkdir,defaultcon,0.4167,0.6667,0.25
coreutils::O0::mkdir,main,0.5556,0.7778,0.2222
coreutils::O0::mkdir,restorecon_private,0.4615,0.6923,0.2308
coreutils::O0::mkfifo,computecon,0.5556,1.0,0.4444
coreutils::O0::mkfifo,defaultcon,0.4167,0.6667,0.25
coreutils::O0::mkfifo,main,0.6364,0.8182,0.1818
coreutils::O0::mkfifo,restorecon_private,0.4615,0.6923,0.2308
coreutils::O0::mknod,computecon,0.5556,1.0,0.4444
coreutils::O0::mknod,defaultcon,0.4167,0.6667,0.25
coreutils::O0::mknod,main,0.7647,0.8824,0.1176
coreutils::O0::mknod,restorecon_private,0.4615,0.6923,0.2308
coreutils::O0::mktemp,count_consecutive_X_s,0.6667,1.0,0.3333
coreutils::O0::mv,abandon_move,0.3333,0.5,0.1667
coreutils::O0::mv,computecon,0.5556,1.0,0.4444
coreutils::O0::mv,defaultcon,0.4167,0.6667,0.25
coreutils::O0::mv,fchmod_or_lchmod,0.75,1.0,0.25
coreutils::O0::mv,force_linkat,0.4545,0.6364,0.1818
coreutils::O0::mv,force_symlinkat,0.3333,0.5556,0.2222
coreutils::O0::mv,overwrite_ok,0.5,0.6667,0.1667
coreutils::O0::mv,restorecon_private,0.4615,0.6923,0.2308
coreutils::O0::mv,samedir_template,0.4,0.8,0.4
coreutils::O0::mv,set_owner,0.7059,0.7647,0.0588
coreutils::O0::mv,set_process_security_ctx,0.75,0.875,0.125
coreutils::O0::mv,try_link,0.0,0.3333,0.3333
coreutils::O0::mv,try_symlink,0.0,0.3333,0.3333
coreutils::O0::mv,writable_destination,0.6667,1.0,0.3333
coreutils::O0::numfmt,next_field,0.6667,1.0,0.3333
coreutils::O0::od,simple_strtoul,0.8,1.0,0.2
coreutils::O0::pathchk,component_len,0.5,1.0,0.5
coreutils::O0::pinky,long_pinky,0.6667,1.0,0.3333
coreutils::O0::rm,diagnose_leading_hyphen,0.8,1.0,0.2
coreutils::O0::runcon,main,0.6,0.6667,0.0667
coreutils::O0::shuf,input_from_argv,0.8571,1.0,0.1429
coreutils::O0::shuf,write_permuted_lines,0.5,0.6667,0.1667
coreutils::O0::shuf,write_random_lines,0.625,0.75,0.125
coreutils::O0::sort,create_temp_file,0.4545,0.5455,0.0909
coreutils::O0::sort,general_numcompare,0.1667,0.8333,0.6667
coreutils::O0::sort,nan_compare,0.0,0.5,0.5
coreutils::O0::stat,make_format,0.8571,1.0,0.1429
coreutils::O0::vdir,dired_outbuf,0.5,1.0,0.5
coreutils::O0::vdir,do_lstat,0.0,0.5,0.5
coreutils::O0::vdir,do_stat,0.0,0.5,0.5
coreutils::O0::vdir,do_statx,0.625,0.75,0.125
coreutils::O0::vdir,file_has_acl_cache,0.25,0.5,0.25
coreutils::O0::vdir,getfilecon_cache,0.4,0.6,0.2
coreutils::O0::vdir,gobble_file,0.697,0.6061,-0.0909
coreutils::O0::vdir,has_capability_cache,0.25,0.5,0.25
coreutils::O0::vdir,stat_for_ino,0.0,0.5,0.5
coreutils::O0::vdir,stat_for_mode,0.0,0.5,0.5
coreutils::O2-noinline::chcon,compute_context_from_mask,0.0,0.2,0.2
coreutils::O2-noinline::chgrp,restricted_chown,0.3333,0.3889,0.0556
coreutils::O2-noinline::chown,restricted_chown,0.3333,0.3889,0.0556
coreutils::O2-noinline::chroot,main,0.2917,0.375,0.0833
coreutils::O2-noinline::cp,abandon_move,0.3333,0.5,0.1667
coreutils::O2-noinline::cp,computecon,0.1111,0.4444,0.3333
coreutils::O2-noinline::cp,defaultcon,0.1818,0.3636,0.1818
coreutils::O2-noinline::cp,dir_name,0.0,0.5,0.5
coreutils::O2-noinline::cp,fchmod_or_lchmod,0.75,1.0,0.25
coreutils::O2-noinline::cp,force_linkat,0.2727,0.5455,0.2727
coreutils::O2-noinline::cp,force_symlinkat,0.2222,0.4444,0.2222
coreutils::O2-noinline::cp,main,0.4167,0.75,0.3333
coreutils::O2-noinline::cp,overwrite_ok,0.375,0.5,0.125
coreutils::O2-noinline::cp,restorecon_private,0.1333,0.2667,0.1333
coreutils::O2-noinline::cp,samedir_template,0.0,0.1,0.1
coreutils::O2-noinline::cp,set_process_security_ctx,0.25,0.375,0.125
coreutils::O2-noinline::cp,try_link,0.0,0.3333,0.3333
coreutils::O2-noinline::cp,try_symlink,0.0,0.3333,0.3333
coreutils::O2-noinline::cp,writable_destination,0.6667,1.0,0.3333
coreutils::O2-noinline::csplit,check_for_offset,0.3333,0.6667,0.3333
coreutils::O2-noinline::df,dir_name,0.0,0.5,0.5
coreutils::O2-noinline::df,me_for_dev,0.0,0.5,0.5
coreutils::O2-noinline::dir,dired_outbuf,0.5,1.0,0.5
coreutils::O2-noinline::dir,do_lstat,0.0,0.5,0.5
coreutils::O2-noinline::dir,do_stat,0.0,0.5,0.5
coreutils::O2-noinline::dir,do_statx,0.25,0.5,0.25
coreutils::O2-noinline::dir,file_has_acl_cache,0.0,0.25,0.25
coreutils::O2-noinline::dir,getfilecon_cache,0.2,0.4,0.2
coreutils::O2-noinline::dir,stat_for_ino,0.0,0.5,0.5
coreutils::O2-noinline::dir,stat_for_mode,0.0,0.5,0.5
coreutils::O2-noinline::ginstall,abandon_move,0.3333,0.5,0.1667
coreutils::O2-noinline::ginstall,change_attributes,0.5,0.75,0.25
coreutils::O2-noinline::ginstall,change_timestamps,0.4,0.6,0.2
coreutils::O2-noinline::ginstall,computecon,0.1111,0.4444,0.3333
coreutils::O2-noinline::ginstall,copy_file,0.6667,0.8333,0.1667
coreutils::O2-noinline::ginstall,defaultcon,0.1818,0.3636,0.1818
coreutils::O2-noinline::ginstall,dir_name,0.0,0.5,0.5
coreutils::O2-noinline::ginstall,fchmod_or_lchmod,0.75,1.0,0.25
coreutils::O2-noinline::ginstall,force_linkat,0.2727,0.5455,0.2727
coreutils::O2-noinline::ginstall,force_symlinkat,0.2222,0.4444,0.2222
coreutils::O2-noinline::ginstall,need_copy,0.3,0.35,0.05
coreutils::O2-noinline::ginstall,overwrite_ok,0.375,0.5,0.125
coreutils::O2-noinline::ginstall,restorecon_private,0.1333,0.2667,0.1333
coreutils::O2-noinline::ginstall,samedir_template,0.0,0.1,0.1
coreutils::O2-noinline::ginstall,set_process_security_ctx,0.25,0.375,0.125
coreutils::O2-noinline::ginstall,setdefaultfilecon,0.5,0.75,0.25
coreutils::O2-noinline::ginstall,try_link,0.0,0.3333,0.3333
coreutils::O2-noinline::ginstall,try_symlink,0.0,0.3333,0.3333
coreutils::O2-noinline::ginstall,writable_destination,0.6667,1.0,0.3333
coreutils::O2-noinline::groups,print_group_list,0.4545,0.5455,0.0909
coreutils::O2-noinline::head,elide_tail_lines_file,0.3333,0.6667,0.3333
coreutils::O2-noinline::id,print_full_info,0.0,0.0625,0.0625
coreutils::O2-noinline::id,print_group_list,0.4545,0.5455,0.0909
coreutils::O2-noinline::id,print_stuff,0.0,1.0,1.0
coreutils::O2-noinline::kill,send_signals,0.2857,0.4286,0.1429
coreutils::O2-noinline::ln,atomic_link,0.3333,1.0,0.6667
coreutils::O2-noinline::ln,convert_abs_rel,0.1667,0.3333,0.1667
coreutils::O2-noinline::ln,dir_name,0.0,0.5,0.5
coreutils::O2-noinline::ln,force_linkat,0.2727,0.5455,0.2727
coreutils::O2-noinline::ln,force_symlinkat,0.2222,0.4444,0.2222
coreutils::O2-noinline::ln,samedir_template,0.0,0.1,0.1
coreutils::O2-noinline::ln,try_link,0.0,0.3333,0.3333
coreutils::O2-noinline::ln,try_symlink,0.0,0.3333,0.3333
coreutils::O2-noinline::ls,dired_outbuf,0.5,1.0,0.5
coreutils::O2-noinline::ls,do_lstat,0.0,0.5,0.5
coreutils::O2-noinline::ls,do_stat,0.0,0.5,0.5
coreutils::O2-noinline::ls,do_statx,0.25,0.5,0.25
coreutils::O2-noinline::ls,file_has_acl_cache,0.0,0.25,0.25
coreutils::O2-noinline::ls,getfilecon_cache,0.2,0.4,0.2
coreutils::O2-noinline::ls,stat_for_ino,0.0,0.5,0.5
coreutils::O2-noinline::ls,stat_for_mode,0.0,0.5,0.5
coreutils::O2-noinline::mkdir,computecon,0.1111,0.4444,0.3333
coreutils::O2-noinline::mkdir,defaultcon,0.1818,0.3636,0.1818
coreutils::O2-noinline::mkdir,dir_name,0.0,0.5,0.5
coreutils::O2-noinline::mkdir,main,0.2222,0.3333,0.1111
coreutils::O2-noinline::mkdir,restorecon_private,0.1333,0.2667,0.1333
coreutils::O2-noinline::mkfifo,computecon,0.1111,0.4444,0.3333
coreutils::O2-noinline::mkfifo,defaultcon,0.1818,0.3636,0.1818
coreutils::O2-noinline::mkfifo,dir_name,0.0,0.5,0.5
coreutils::O2-noinline::mkfifo,main,0.1818,0.2727,0.0909
coreutils::O2-noinline::mkfifo,restorecon_private,0.1333,0.2667,0.1333
coreutils::O2-noinline::mknod,computecon,0.1111,0.4444,0.3333
coreutils::O2-noinline::mknod,defaultcon,0.1818,0.3636,0.1818
coreutils::O2-noinline::mknod,dir_name,0.0,0.5,0.5
coreutils::O2-noinline::mknod,restorecon_private,0.1333,0.2667,0.1333
coreutils::O2-noinline::mktemp,count_consecutive_X_s,0.3333,0.6667,0.3333
coreutils::O2-noinline::mv,abandon_move,0.3333,0.5,0.1667
coreutils::O2-noinline::mv,computecon,0.1111,0.4444,0.3333
coreutils::O2-noinline::mv,defaultcon,0.1818,0.3636,0.1818
coreutils::O2-noinline::mv,dir_name,0.0,0.5,0.5
coreutils::O2-noinline::mv,fchmod_or_lchmod,0.75,1.0,0.25
coreutils::O2-noinline::mv,force_linkat,0.2727,0.5455,0.2727
coreutils::O2-noinline::mv,force_symlinkat,0.2222,0.4444,0.2222
coreutils::O2-noinline::mv,overwrite_ok,0.375,0.5,0.125
coreutils::O2-noinline::mv,restorecon_private,0.1333,0.2667,0.1333
coreutils::O2-noinline::mv,samedir_template,0.0,0.1,0.1
coreutils::O2-noinline::mv,set_process_security_ctx,0.25,0.375,0.125
coreutils::O2-noinline::mv,try_link,0.0,0.3333,0.3333
coreutils::O2-noinline::mv,try_symlink,0.0,0.3333,0.3333
coreutils::O2-noinline::mv,writable_destination,0.6667,1.0,0.3333
coreutils::O2-noinline::od,decode_one_format,0.1364,0.1818,0.0455
coreutils::O2-noinline::od,simple_strtoul,0.4,0.6,0.2
coreutils::O2-noinline::pathchk,component_len,0.0,0.5,0.5
coreutils::O2-noinline::pinky,long_pinky,0.3333,0.6667,0.3333
coreutils::O2-noinline::pwd,file_name_prepend,0.1,0.2,0.1
coreutils::O2-noinline::rm,diagnose_leading_hyphen,0.4,0.6,0.2
coreutils::O2-noinline::rmdir,ignorable_failure,0.5,1.0,0.5
coreutils::O2-noinline::runcon,main,0.3333,0.4,0.0667
coreutils::O2-noinline::seq,long_double_format,0.0,0.1111,0.1111
coreutils::O2-noinline::shred,dir_name,0.0,0.5,0.5
coreutils::O2-noinline::shuf,write_permuted_lines,0.1667,0.3333,0.1667
coreutils::O2-noinline::shuf,write_random_lines,0.25,0.375,0.125
coreutils::O2-noinline::sort,add_temp_dir,0.0,1.0,1.0
coreutils::O2-noinline::sort,badfieldspec,0.5,1.0,0.5
coreutils::O2-noinline::sort,general_numcompare,0.0,0.6667,0.6667
coreutils::O2-noinline::sort,nan_compare,0.0,0.5,0.5
coreutils::O2-noinline::stat,dir_name,0.0,0.5,0.5
coreutils::O2-noinline::stdbuf,dir_name,0.0,0.5,0.5
coreutils::O2-noinline::stdbuf,set_LD_PRELOAD,0.5,0.625,0.125
coreutils::O2-noinline::stdbuf,set_libstdbuf_options,0.0,0.1667,0.1667
coreutils::O2-noinline::tail,tail,0.5,1.0,0.5
coreutils::O2-noinline::vdir,dired_outbuf,0.5,1.0,0.5
coreutils::O2-noinline::vdir,do_lstat,0.0,0.5,0.5
coreutils::O2-noinline::vdir,do_stat,0.0,0.5,0.5
coreutils::O2-noinline::vdir,do_statx,0.25,0.5,0.25
coreutils::O2-noinline::vdir,file_has_acl_cache,0.0,0.25,0.25
coreutils::O2-noinline::vdir,getfilecon_cache,0.2,0.4,0.2
coreutils::O2-noinline::vdir,stat_for_ino,0.0,0.5,0.5
coreutils::O2-noinline::vdir,stat_for_mode,0.0,0.5,0.5
coreutils::O2-noinline::wc,isnbspace,0.0,1.0,1.0
coreutils::O2::chroot,main,0.2143,0.2857,0.0714
coreutils::O2::cp,defaultcon,0.1,0.3,0.2
coreutils::O2::cp,dir_name,0.0,0.5,0.5
coreutils::O2::cp,force_linkat,0.2727,0.5455,0.2727
coreutils::O2::cp,force_symlinkat,0.2222,0.4444,0.2222
coreutils::O2::cp,main,0.3846,0.6923,0.3077
coreutils::O2::cp,overwrite_ok,0.375,0.5,0.125
coreutils::O2::cp,restorecon_private,0.1333,0.2667,0.1333
coreutils::O2::cp,samedir_template,0.0,0.1,0.1
coreutils::O2::cp,set_process_security_ctx,0.2222,0.3333,0.1111
coreutils::O2::cp,try_link,0.0,0.3333,0.3333
coreutils::O2::cp,try_symlink,0.0,0.3333,0.3333
coreutils::O2::df,dir_name,0.0,0.5,0.5
coreutils::O2::dir,dired_outbuf,0.5,1.0,0.5
coreutils::O2::dir,do_statx,0.1818,0.3636,0.1818
coreutils::O2::ginstall,defaultcon,0.1,0.3,0.2
coreutils::O2::ginstall,dir_name,0.0,0.5,0.5
coreutils::O2::ginstall,force_linkat,0.2727,0.5455,0.2727
coreutils::O2::ginstall,force_symlinkat,0.2222,0.4444,0.2222
coreutils::O2::ginstall,overwrite_ok,0.375,0.5,0.125
coreutils::O2::ginstall,restorecon_private,0.1333,0.2667,0.1333
coreutils::O2::ginstall,samedir_template,0.0,0.1,0.1
coreutils::O2::ginstall,set_process_security_ctx,0.2222,0.3333,0.1111
coreutils::O2::ginstall,try_link,0.0,0.3333,0.3333
coreutils::O2::ginstall,try_symlink,0.0,0.3333,0.3333
coreutils::O2::ln,dir_name,0.0,0.5,0.5
coreutils::O2::ln,force_linkat,0.2727,0.5455,0.2727
coreutils::O2::ln,force_symlinkat,0.2222,0.4444,0.2222
coreutils::O2::ln,samedir_template,0.0,0.1,0.1
coreutils::O2::ln,try_link,0.0,0.3333,0.3333
coreutils::O2::ln,try_symlink,0.0,0.3333,0.3333
coreutils::O2::ls,dired_outbuf,0.5,1.0,0.5
coreutils::O2::ls,do_statx,0.1818,0.3636,0.1818
coreutils::O2::mkdir,defaultcon,0.1,0.3,0.2
coreutils::O2::mkdir,dir_name,0.0,0.5,0.5
coreutils::O2::mkdir,main,0.2222,0.3333,0.1111
coreutils::O2::mkdir,restorecon_private,0.1333,0.2667,0.1333
coreutils::O2::mkfifo,defaultcon,0.1,0.3,0.2
coreutils::O2::mkfifo,dir_name,0.0,0.5,0.5
coreutils::O2::mkfifo,main,0.1818,0.2727,0.0909
coreutils::O2::mkfifo,restorecon_private,0.1333,0.2667,0.1333
coreutils::O2::mknod,defaultcon,0.1,0.3,0.2
coreutils::O2::mknod,dir_name,0.0,0.5,0.5
coreutils::O2::mknod,restorecon_private,0.1333,0.2667,0.1333
coreutils::O2::mv,defaultcon,0.1,0.3,0.2
coreutils::O2::mv,dir_name,0.0,0.5,0.5
coreutils::O2::mv,force_linkat,0.2727,0.5455,0.2727
coreutils::O2::mv,force_symlinkat,0.2222,0.4444,0.2222
coreutils::O2::mv,overwrite_ok,0.375,0.5,0.125
coreutils::O2::mv,restorecon_private,0.1333,0.2667,0.1333
coreutils::O2::mv,samedir_template,0.0,0.1,0.1
coreutils::O2::mv,set_process_security_ctx,0.2222,0.3333,0.1111
coreutils::O2::mv,try_link,0.0,0.3333,0.3333
coreutils::O2::mv,try_symlink,0.0,0.3333,0.3333
coreutils::O2::runcon,main,0.2941,0.3529,0.0588
coreutils::O2::shred,dir_name,0.0,0.5,0.5
coreutils::O2::sort,add_temp_dir,0.0,1.0,1.0
coreutils::O2::stat,dir_name,0.0,0.5,0.5
coreutils::O2::stdbuf,dir_name,0.0,0.5,0.5
coreutils::O2::stdbuf,main,0.2083,0.2917,0.0833
coreutils::O2::vdir,dired_outbuf,0.5,1.0,0.5
coreutils::O2::vdir,do_statx,0.1818,0.3636,0.1818
diffutils::O0::diff,option_list,0.6667,0.8333,0.1667
diffutils::O0::diff3,perror_with_exit,0.0,1.0,1.0
diffutils::O0::diff3,read_diff,0.8235,0.8824,0.0588
diffutils::O0::sdiff,edit,0.7391,0.7826,0.0435
diffutils::O0::sdiff,lf_snarf,0.3333,0.5,0.1667
diffutils::O2-noinline::diff,message,0.0,0.3333,0.3333
diffutils::O2-noinline::diff3,read_diff,0.375,0.4375,0.0625
diffutils::O2-noinline::sdiff,edit,0.4348,0.4783,0.0435
diffutils::O2::diff,message,0.0,0.3333,0.3333
diffutils::O2::diff3,process_diff,0.1143,0.1429,0.0286
diffutils::O2::sdiff,edit,0.4348,0.4783,0.0435
findutils::O0::find,do_fprintf,0.5263,0.5789,0.0526
findutils::O0::find,fallback_getfilecon,0.75,1.0,0.25
findutils::O0::find,get_format_flags_length,0.5,1.0,0.5
findutils::O0::find,launch,0.3,0.4,0.1
findutils::O0::find,optionh_getfilecon,0.75,1.0,0.25
findutils::O0::find,optionl_getfilecon,0.75,1.0,0.25
findutils::O0::find,optionp_getfilecon,0.6667,1.0,0.3333
findutils::O0::find,parse_octal_escape,0.4,0.6,0.2
findutils::O0::find,scan_for_digit_differences,0.6667,1.0,0.3333
findutils::O2-noinline::find,do_fprintf,0.1111,0.1667,0.0556
findutils::O2-noinline::find,fallback_getfilecon,0.6,0.8,0.2
findutils::O2-noinline::find,get_format_flags_length,0.0,0.5,0.5
findutils::O2-noinline::find,launch,0.0,0.0909,0.0909
findutils::O2-noinline::find,optionh_getfilecon,0.25,0.5,0.25
findutils::O2-noinline::find,optionl_getfilecon,0.25,0.5,0.25
findutils::O2-noinline::find,optionp_getfilecon,0.0,1.0,1.0
findutils::O2-noinline::find,parse_ipath,0.0,0.3333,0.3333
findutils::O2-noinline::find,parse_iwholename,0.0,0.3333,0.3333
findutils::O2-noinline::find,parse_path,0.0,0.3333,0.3333
findutils::O2-noinline::find,parse_wholename,0.0,0.3333,0.3333
findutils::O2-noinline::find,pred_exec,0.0,0.3333,0.3333
findutils::O2-noinline::find,safely_quote_err_filename,0.5,1.0,0.5
findutils::O2::find,do_fprintf,0.0833,0.125,0.0417
findutils::O2::find,launch,0.0,0.0667,0.0667
findutils::O2::find,optionl_getfilecon,0.25,0.5,0.25
findutils::O2::find,optionp_getfilecon,0.0,1.0,1.0
findutils::O2::find,parse_amin,0.0,0.3333,0.3333
findutils::O2::find,parse_cmin,0.0,0.3333,0.3333
findutils::O2::find,parse_ipath,0.0,0.3333,0.3333
findutils::O2::find,parse_iwholename,0.0,0.3333,0.3333
findutils::O2::find,parse_mmin,0.0,0.3333,0.3333
findutils::O2::find,parse_path,0.0,0.3333,0.3333
findutils::O2::find,parse_wholename,0.0,0.3333,0.3333
findutils::O2::find,pred_exec,0.0,0.3333,0.3333
grep::O0::grep,contains_encoding_error,0.6,0.8,0.2
grep::O0::grep,fgrep_icase_available,0.6,0.8,0.2
grep::O2-noinline::grep,acexec,0.0,0.4,0.4
grep::O2-noinline::grep,contains_encoding_error,0.2,0.4,0.2
grep::O2-noinline::grep,fgrep_icase_available,0.2,0.4,0.2
grep::O2-noinline::grep,pr_sgr_start_if,0.0,1.0,1.0
gzip::O0::gzip,xmemdup,1.0,0.5,-0.5
gzip::O2-noinline::gzip,gzip_base_name,0.0,1.0,1.0
gzip::O2-noinline::gzip,gzip_error,0.0,1.0,1.0
gzip::O2-noinline::gzip,warning,0.0,1.0,1.0
gzip::O2-noinline::gzip,xmemdup,0.4,0.2,-0.2
gzip::O2::gzip,gzip_base_name,0.0,1.0,1.0
gzip::O2::gzip,gzip_error,0.0,1.0,1.0
gzip::O2::gzip,warning,0.0,1.0,1.0
gzip::O2::gzip,xmemdup,0.4,0.2,-0.2
shadow::O0::gpasswd,change_passwd,0.3333,0.5,0.1667
shadow::O0::groups,main,0.8889,1.0,0.1111
shadow::O0::id,main,0.9231,1.0,0.0769
shadow::O0::login,process_flags,0.4,0.6,0.2
shadow::O0::logoutd,main,0.7273,0.8182,0.0909
shadow::O0::userdel,user_cancel,0.0,0.25,0.25
shadow::O2-noinline::chfn,update_gecos,0.0,0.0556,0.0556
shadow::O2-noinline::chsh,is_restricted_shell,0.0,1.0,1.0
shadow::O2-noinline::login,get_pam_user,0.0,0.1429,0.1429
shadow::O2-noinline::login,process_flags,0.1111,0.2222,0.1111
shadow::O2-noinline::login,update_utmp,0.0,0.6,0.6
shadow::O2-noinline::logoutd,main,0.0952,0.1429,0.0476
shadow::O2-noinline::userdel,user_cancel,0.0,0.25,0.25
shadow::O2::login,get_pam_user,0.0,0.1429,0.1429
shadow::O2::logoutd,main,0.1935,0.2258,0.0323
tar::O0::tar,diff_symlink,0.5,0.75,0.25
tar::O0::tar,fd_chmod,0.8333,1.0,0.1667
tar::O0::tar,fd_chown,0.8333,1.0,0.1667
tar::O0::tar,fd_i_chmod,0.8,1.0,0.2
tar::O0::tar,rebase_directory,0.4,0.6,0.2
tar::O0::tar,replace_prefix,0.5714,0.7143,0.1429
tar::O0::tar,run_checkpoint_actions,0.5,0.75,0.25
tar::O0::tar,set_file_atime,0.4,0.6,0.2
tar::O0::tar,set_stat,0.6364,0.7273,0.0909
tar::O0::tar,split_long_name,0.6667,1.0,0.3333
tar::O0::tar,xattrs__fd_set,0.625,0.75,0.125
tar::O2-noinline::tar,addname,0.4,0.6,0.2
tar::O2-noinline::tar,close_diag,0.0,1.0,1.0
tar::O2-noinline::tar,confirm,0.375,0.5,0.125
tar::O2-noinline::tar,fd_chmod,0.1667,0.3333,0.1667
tar::O2-noinline::tar,fd_chown,0.6667,0.8333,0.1667
tar::O2-noinline::tar,fd_i_chmod,0.6,0.8,0.2
tar::O2-noinline::tar,file_selection_option_name,0.0,0.5,0.5
tar::O2-noinline::tar,finish_header,0.0,0.3333,0.3333
tar::O2-noinline::tar,gname_coder,0.0,0.25,0.25
tar::O2-noinline::tar,gnu_flush_write,0.0,1.0,1.0
tar::O2-noinline::tar,hash_directory_canonical_name,0.3333,0.6667,0.3333
tar::O2-noinline::tar,is_file_selection_option,0.0,1.0,1.0
tar::O2-noinline::tar,linkpath_coder,0.0,0.25,0.25
tar::O2-noinline::tar,merge_sort,0.0,0.1667,0.1667
tar::O2-noinline::tar,name_hash,0.3333,0.6667,0.3333
tar::O2-noinline::tar,name_next,0.0,0.5,0.5
tar::O2-noinline::tar,open_diag,0.0,1.0,1.0
tar::O2-noinline::tar,option_set_in_cl,0.0,0.5,0.5
tar::O2-noinline::tar,path_coder,0.0,0.25,0.25
tar::O2-noinline::tar,purge_directory,0.0,1.0,1.0
tar::O2-noinline::tar,read_diag_details,0.0,1.0,1.0
tar::O2-noinline::tar,readlink_diag,0.0,1.0,1.0
tar::O2-noinline::tar,rebase_directory,0.0,0.6,0.6
tar::O2-noinline::tar,replace_prefix,0.1538,0.2308,0.0769
tar::O2-noinline::tar,run_checkpoint_actions,0.25,0.5,0.25
tar::O2-noinline::tar,savedir_diag,0.0,1.0,1.0
tar::O2-noinline::tar,seek_diag_details,0.0,1.0,1.0
tar::O2-noinline::tar,set_stat,0.5455,0.6364,0.0909
tar::O2-noinline::tar,size_coder,0.0,0.25,0.25
tar::O2-noinline::tar,sparse_major_coder,0.0,0.25,0.25
tar::O2-noinline::tar,sparse_minor_coder,0.0,0.25,0.25
tar::O2-noinline::tar,sparse_numblocks_coder,0.0,0.25,0.25
tar::O2-noinline::tar,sparse_numbytes_coder,0.0,0.2,0.2
tar::O2-noinline::tar,sparse_offset_coder,0.0,0.2,0.2
tar::O2-noinline::tar,sparse_size_coder,0.0,0.25,0.25
tar::O2-noinline::tar,split_long_name,0.3333,0.6667,0.3333
tar::O2-noinline::tar,stat_diag,0.0,1.0,1.0
tar::O2-noinline::tar,subfile_open,0.125,0.25,0.125
tar::O2-noinline::tar,uname_coder,0.0,0.25,0.25
tar::O2-noinline::tar,xattr_selinux_coder,0.0,0.25,0.25
tar::O2-noinline::tar,xattrs_mask_add,0.3333,0.6667,0.3333
tar::O2-noinline::tar,xattrs_selinux_get,0.4,0.6,0.2
tar::O2-noinline::tar,xattrs_xattrs_get,0.3333,0.4167,0.0833
tar::O2::tar,checkpoint_run,0.2,0.4,0.2
tar::O2::tar,fd_chmod,0.125,0.25,0.125
tar::O2::tar,finish_header,0.0,0.1667,0.1667
tar::O2::tar,gname_coder,0.0,0.25,0.25
tar::O2::tar,hash_directory_canonical_name,0.3333,0.6667,0.3333
tar::O2::tar,linkpath_coder,0.0,0.25,0.25
tar::O2::tar,name_hash,0.3333,0.6667,0.3333
tar::O2::tar,open_diag,0.0,1.0,1.0
tar::O2::tar,path_coder,0.0,0.25,0.25
tar::O2::tar,read_diag_details,0.0,1.0,1.0
tar::O2::tar,readlink_diag,0.0,1.0,1.0
tar::O2::tar,rebase_directory,0.0,0.6,0.6
tar::O2::tar,replace_prefix,0.1538,0.2308,0.0769
tar::O2::tar,savedir_diag,0.0,1.0,1.0
tar::O2::tar,seek_diag_details,0.0,1.0,1.0
tar::O2::tar,stat_diag,0.0,1.0,1.0
tar::O2::tar,subfile_open,0.125,0.25,0.125
tar::O2::tar,transform_name,0.0,1.0,1.0
tar::O2::tar,uname_coder,0.0,0.25,0.25
tar::O2::tar,xattr_selinux_coder,0.0,0.25,0.25
tar::O2::tar,xattrs_selinux_get,0.4,0.6,0.2
tar::O2::tar,xattrs_xattrs_get,0.3333,0.4167,0.0833
