slice,function,round_i,round_l,delta
bzip2::O0::bzip2,BZ2_blockSort,0.6364,0.8182,0.1818
bzip2::O0::bzip2,BZ2_hbAssignCodes,0.75,1.0,0.25
bzip2::O0::bzip2,BZ2_hbCreateDecodeTables,0.6364,1.0,0.3636
bzip2::O0::bzip2,BZ2_hbMakeCodeLengths,0.88,0.96,0.08
bzip2::O0::bzip2,BZ2_indexIntoF,0.8,1.0,0.2
bzip2::O0::bzip2,fallbackQSort3,0.8966,0.9655,0.069
bzip2::O0::bzip2,fallbackSimpleSort,0.75,1.0,0.25
bzip2::O0::bzip2,fallbackSort,0.7222,0.8889,0.1667
bzip2::O0::bzip2,mainGtU,0.8182,1.0,0.1818
bzip2::O0::bzip2,mainQSort3,0.8974,0.9744,0.0769
bzip2::O0::bzip2,mainSimpleSort,0.7857,1.0,0.2143
bzip2::O0::bzip2,mainSort,0.8571,0.9286,0.0714
bzip2::O2-noinline::bzip2,BZ2_hbAssignCodes,0.375,0.625,0.25
bzip2::O2-noinline::bzip2,BZ2_hbCreateDecodeTables,0.5455,0.6364,0.0909
bzip2::O2-noinline::bzip2,BZ2_hbMakeCodeLengths,0.2,0.28,0.08
bzip2::O2-noinline::bzip2,BZ2_indexIntoF,0.2,0.4,0.2
bzip2::O2-noinline::bzip2,fallbackQSort3,0.1724,0.2414,0.069
bzip2::O2-noinline::bzip2,fallbackSimpleSort,0.25,0.375,0.125
bzip2::O2-noinline::bzip2,fallbackSort,0.1818,0.3182,0.1364
bzip2::O2-noinline::bzip2,mainGtU,0.3636,0.4545,0.0909
bzip2::O2-noinline::bzip2,mainSimpleSort,0.5,0.5714,0.0714
bzip2::O2-noinline::bzip2,mainSort,0.2903,0.3548,0.0645
bzip2::O2-noinline::bzip2,mySIGSEGVorSIGBUScatcher,0.0,0.25,0.25
bzip2::O2-noinline::bzip2,mySignalCatcher,0.0,0.5,0.5
bzip2::O2::bzip2,BZ2_hbAssignCodes,0.375,0.625,0.25
bzip2::O2::bzip2,BZ2_hbCreateDecodeTables,0.5455,0.6364,0.0909
bzip2::O2::bzip2,BZ2_hbMakeCodeLengths,0.2,0.28,0.08
bzip2::O2::bzip2,fallbackSort,0.2041,0.2449,0.0408
bzip2::O2::bzip2,mainSort,0.4516,0.5161,0.0645
bzip2::O2::bzip2,mySIGSEGVorSIGBUScatcher,0.0,0.25,0.25
bzip2::O2::bzip2,mySignalCatcher,0.0,0.5,0.5
coreutils::O0::basename,base_name,0.8,1.0,0.2
coreutils::O0::chgrp,describe_change,0.7778,1.0,0.2222
coreutils::O0::chown,describe_change,0.7778,1.0,0.2222
coreutils::O0::chown,main,0.6667,0.7222,0.0556
coreutils::O0::comm,compare_files,0.2667,0.3333,0.0667
coreutils::O0::cp,dir_name,0.5,1.0,0.5
coreutils::O0::cp,do_copy,0.625,0.6562,0.0312
coreutils::O0::cut,compare_ranges,0.5,1.0,0.5
coreutils::O0::dd,scanargs,0.9474,1.0,0.0526
coreutils::O0::dd,swab_buffer,0.8333,1.0,0.1667
coreutils::O0::dd,translate_charset,0.5,1.0,0.5
coreutils::O0::df,dir_name,0.5,1.0,0.5
coreutils::O0::env,parse_split_string,0.75,0.875,0.125
coreutils::O0::factor,lbuf_putint,0.6667,0.8333,0.1667
coreutils::O0::getlimits,decimal_absval_add_one,0.8,1.0,0.2
coreutils::O0::ginstall,dir_name,0.5,1.0,0.5
coreutils::O0::join,keycmp,0.5556,0.7778,0.2222
coreutils::O0::ln,dir_name,0.5,1.0,0.5
coreutils::O0::mkdir,dir_name,0.5,1.0,0.5
coreutils::O0::mkfifo,dir_name,0.5,1.0,0.5
coreutils::O0::mknod,dir_name,0.5,1.0,0.5
coreutils::O0::mv,dir_name,0.5,1.0,0.5
coreutils::O0::numfmt,compare_ranges,0.5,1.0,0.5
coreutils::O0::paste,paste_parallel,0.7333,0.8,0.0667
coreutils::O0::pinky,scan_entries,0.6,0.8,0.2
coreutils::O0::pinky,short_pinky,0.6,0.8,0.2
coreutils::O0::ptx,compare_occurs,0.3333,1.0,0.6667
coreutils::O0::ptx,compare_words,0.6,1.0,0.4
coreutils::O0::pwd,find_dir_entry,0.75,0.8333,0.0833
coreutils::O0::shred,dir_name,0.5,1.0,0.5
coreutils::O0::shuf,write_permuted_output_reservoir,0.4,0.6,0.2
coreutils::O0::sort,check_inputs,0.6667,1.0,0.3333
coreutils::O0::sort,main,0.7209,0.7442,0.0233
coreutils::O0::sort,mergefps,0.5769,0.6154,0.0385
coreutils::O0::sort,sort,0.55,0.6,0.05
coreutils::O0::sort,sort_buffer_size,0.75,0.9167,0.1667
coreutils::O0::sort,sortlines_thread,0.0,0.5,0.5
coreutils::O0::sort,struct_month_cmp,0.0,0.5,0.5
coreutils::O0::sort,xfopen,0.6667,1.0,0.3333
coreutils::O0::split,lines_split,0.8,0.9,0.1
coreutils::O0::stat,dir_name,0.5,1.0,0.5
coreutils::O0::stdbuf,dir_name,0.5,1.0,0.5
coreutils::O0::tail,xlseek,0.7143,0.8571,0.1429
coreutils::O0::tee,tee_files,0.7273,0.8182,0.0909
coreutils::O0::tr,append_range,0.2857,0.5714,0.2857
coreutils::O0::tr,build_spec_list,0.5714,0.6429,0.0714
coreutils::O0::tr,make_printable_str,0.75,0.875,0.125
coreutils::O0::tr,read_and_delete,0.8,1.0,0.2
coreutils::O0::tr,read_and_xlate,0.75,1.0,0.25
coreutils::O0::uniq,check_file,0.5455,0.7273,0.1818
coreutils::O0::uniq,different,0.5,1.0,0.5
coreutils::O0::users,list_entries_users,0.5714,0.8571,0.2857
coreutils::O0::users,userid_compare,0.0,0.5,0.5
coreutils::O2-noinline::cp,do_copy,0.1875,0.25,0.0625
coreutils::O2-noinline::cut,compare_ranges,0.0,0.5,0.5
coreutils::O2-noinline::dd,operand_is,0.0,1.0,1.0
coreutils::O2-noinline::dd,operand_matches,0.0,0.6667,0.6667
coreutils::O2-noinline::dd,swab_buffer,0.3333,0.5,0.1667
coreutils::O2-noinline::dd,translate_charset,0.0,0.5,0.5
coreutils::O2-noinline::getlimits,decimal_absval_add_one,0.0,0.2,0.2
coreutils::O2-noinline::numfmt,compare_ranges,0.0,0.5,0.5
coreutils::O2-noinline::paste,paste_parallel,0.3333,0.4,0.0667
coreutils::O2-noinline::pwd,file_name_prepend,0.2,0.1,-0.1
coreutils::O2-noinline::shuf,write_permuted_output_reservoir,0.2,0.4,0.2
coreutils::O2-noinline::sort,sortlines_thread,0.0,0.5,0.5
coreutils::O2-noinline::sort,struct_month_cmp,0.0,0.5,0.5
coreutils::O2-noinline::split,lines_split,0.5,0.6,0.1
coreutils::O2-noinline::tr,read_and_delete,0.2,0.4,0.2
coreutils::O2-noinline::uniq,different,0.5,1.0,0.5
coreutils::O2-noinline::users,userid_compare,0.0,0.5,0.5
coreutils::O2-noinline::who,print_line,0.4348,0.5217,0.087
coreutils::O2::cut,compare_ranges,0.0,0.5,0.5
coreutils::O2::dd,translate_charset,0.0,0.5,0.5
coreutils::O2::getlimits,decimal_absval_add_one,0.0,0.2,0.2
coreutils::O2::numfmt,compare_ranges,0.0,0.5,0.5
coreutils::O2::paste,paste_parallel,0.2,0.2667,0.0667
coreutils::O2::sort,sortlines_thread,0.0,0.5,0.5
coreutils::O2::sort,struct_month_cmp,0.0,0.5,0.5
coreutils::O2::stat,make_format,0.4444,0.5556,0.1111
coreutils::O2::tee,tee_files,0.1429,0.2143,0.0714
coreutils::O2::tr,read_and_delete,0.2,0.4,0.2
coreutils::O2::uniq,different,0.5,1.0,0.5
coreutils::O2::users,userid_compare,0.0,0.5,0.5
coreutils::O2::who,print_line,0.4348,0.5217,0.087
coreutils::O2::who,who,0.3077,0.2308,-0.0769
diffutils::O0::cmp,cmp,0.6591,0.7273,0.0682
diffutils::O0::cmp,count_newlines,0.8333,1.0,0.1667
diffutils::O0::diff,find_identical_ends,0.625,0.6667,0.0417
diffutils::O0::diff,pr_context_hunk,0.6667,0.75,0.0833
diffutils::O0::diff,pr_unidiff_hunk,0.5714,0.6429,0.0714
diffutils::O0::diff,print_context_function,0.75,1.0,0.25
diffutils::O0::diff3,output_diff3,0.6316,0.7368,0.1053
diffutils::O0::diff3,output_diff3_edscript,0.7143,0.7857,0.0714
diffutils::O0::diff3,output_diff3_merge,0.75,0.8125,0.0625
diffutils::O2-noinline::diff3,compare_line_list,0.1111,0.2222,0.1111
diffutils::O2-noinline::diff3,copy_stringlist,0.1111,0.2222,0.1111
diffutils::O2-noinline::diff3,output_diff3,0.2105,0.3158,0.1053
diffutils::O2-noinline::diff3,output_diff3_edscript,0.3571,0.4286,0.0714
diffutils::O2-noinline::diff3,output_diff3_merge,0.4375,0.5,0.0625
diffutils::O2::diff3,copy_stringlist,0.1111,0.2222,0.1111
findutils::O0::find,build_expression_tree,0.4167,0.5,0.0833
findutils::O0::find,do_fprintf,0.5789,0.6842,0.1053
findutils::O0::find,insert_exec_ok,0.6316,0.6842,0.0526
findutils::O0::find,parse_exec,0.3333,0.6667,0.3333
findutils::O0::find,parse_execdir,0.3333,0.6667,0.3333
findutils::O0::find,parse_newerXY,0.4444,0.5556,0.1111
findutils::O0::find,parse_ok,0.3333,0.6667,0.3333
findutils::O0::find,parse_okdir,0.3333,0.6667,0.3333
findutils::O0::find,parse_size,0.7273,0.8182,0.0909
findutils::O2-noinline::find,build_expression_tree,0.1765,0.2353,0.0588
findutils::O2-noinline::find,insert_depthspec,0.4286,0.5714,0.1429
findutils::O2-noinline::find,parse_newerXY,0.3333,0.4444,0.1111
findutils::O2-noinline::find,parse_size,0.3636,0.4545,0.0909
findutils::O2::find,insert_depthspec,0.1667,0.25,0.0833
findutils::O2::find,insert_num,0.1667,0.25,0.0833
findutils::O2::find,insert_path_check,0.1538,0.2308,0.0769
findutils::O2::find,insert_regex,0.1538,0.2308,0.0769
findutils::O2::find,insert_type,0.0714,0.1429,0.0714
findutils::O2::find,parse_anewer,0.0909,0.1818,0.0909
findutils::O2::find,parse_cnewer,0.0909,0.1818,0.0909
findutils::O2::find,parse_fstype,0.0769,0.1538,0.0769
findutils::O2::find,parse_group,0.0714,0.1429,0.0714
findutils::O2::find,parse_ilname,0.1,0.2,0.1
findutils::O2::find,parse_iname,0.1,0.2,0.1
findutils::O2::find,parse_inum,0.25,0.5,0.25
findutils::O2::find,parse_ipath,0.3333,0.6667,0.3333
findutils::O2::find,parse_iregex,0.3333,0.6667,0.3333
findutils::O2::find,parse_iwholename,0.3333,0.6667,0.3333
findutils::O2::find,parse_links,0.25,0.5,0.25
findutils::O2::find,parse_lname,0.1,0.2,0.1
findutils::O2::find,parse_name,0.0909,0.1818,0.0909
findutils::O2::find,parse_newer,0.0833,0.1667,0.0833
findutils::O2::find,parse_newerXY,0.3333,0.4444,0.1111
findutils::O2::find,parse_path,0.3333,0.6667,0.3333
findutils::O2::find,parse_perm,0.0588,0.1176,0.0588
findutils::O2::find,parse_printf,0.1111,0.2222,0.1111
findutils::O2::find,parse_regex,0.3333,0.6667,0.3333
findutils::O2::find,parse_regextype,0.1111,0.2222,0.1111
findutils::O2::find,parse_samefile,0.1429,0.2143,0.0714
findutils::O2::find,parse_size,0.2,0.2667,0.0667
findutils::O2::find,parse_time,0.1579,0.2105,0.0526
findutils::O2::find,parse_type,0.3333,0.6667,0.3333
findutils::O2::find,parse_used,0.0833,0.1667,0.0833
findutils::O2::find,parse_user,0.0769,0.1538,0.0769
findutils::O2::find,parse_wholename,0.3333,0.6667,0.3333
findutils::O2::find,parse_xtype,0.3333,0.6667,0.3333
grep::O0::grep,acexec_trans,0.4706,0.5294,0.0588
grep::O0::grep,bm_delta2_search,0.3846,0.5385,0.1538
grep::O0::grep,bmexec_trans,0.4667,0.6,0.1333
grep::O0::grep,kwsinit,0.6667,1.0,0.3333
grep::O0::grep,kwsprep,0.3077,0.3333,0.0256
grep::O0::grep,tr,0.5,1.0,0.5
grep::O0::grep,treedelta,0.3333,0.6667,0.3333
grep::O2-noinline::grep,bm_delta2_search,0.3077,0.4615,0.1538
grep::O2-noinline::grep,tr,0.0,0.5,0.5
grep::O2-noinline::grep,treedelta,0.3333,0.6667,0.3333
grep::O2::grep,kwsinit,0.25,0.5,0.25
gzip::O0::gzip,decode,0.6,0.8,0.2
gzip::O0::gzip,huft_build,0.48,0.56,0.08
gzip::O0::gzip,make_table,0.6875,0.8125,0.125
gzip::O0::gzip,open_input_file,0.6,0.7,0.1
gzip::O0::gzip,ximemdup0,0.6667,1.0,0.3333
gzip::O2-noinline::gzip,huft_build,0.3793,0.4138,0.0345
gzip::O2-noinline::gzip,make_table,0.3125,0.375,0.0625
gzip::O2-noinline::gzip,vasnprintf,0.1633,0.2041,0.0408
gzip::O2::gzip,huft_build,0.3438,0.375,0.0312
gzip::O2::gzip,make_table,0.3125,0.375,0.0625
shadow::O0::groupdel,group_busy,0.5,1.0,0.5
shadow::O0::groupdel,main,0.6667,1.0,0.3333
shadow::O0::groupmems,display_members,0.5,1.0,0.5
shadow::O0::groupmod,main,0.6667,1.0,0.3333
shadow::O0::groupmod,update_primary_groups,0.4,0.6,0.2
shadow::O0::userdel,remove_usergroup,0.5,0.6667,0.1667
shadow::O0::usermod,process_flags,0.5833,0.75,0.1667
shadow::O2-noinline::expiry,catch_signals,0.0,1.0,1.0
shadow::O2-noinline::login,alarm_handler,0.0,1.0,1.0
shadow::O2-noinline::login,main,0.1343,0.1493,0.0149
shadow::O2-noinline::sulogin,catch_signals,0.0,1.0,1.0
shadow::O2::expiry,catch_signals,0.0,1.0,1.0
shadow::O2::login,alarm_handler,0.0,1.0,1.0
shadow::O2::login,main,0.1111,0.1235,0.0123
shadow::O2::sulogin,catch_signals,0.0,1.0,1.0
tar::O0::tar,assign_string_n,0.6,0.8,0.2
tar::O0::tar,attach_directory,0.3333,0.6667,0.3333
tar::O0::tar,compare_dirnames,0.0,0.5,0.5
tar::O0::tar,decode_options,0.381,0.5714,0.1905
tar::O0::tar,drop_volume_label_suffix,0.75,1.0,0.25
tar::O0::tar,find_directory,0.25,0.5,0.25
tar::O0::tar,make_file_name,0.8333,1.0,0.1667
tar::O0::tar,makedumpdir,0.6364,0.7273,0.0909
tar::O0::tar,remove_any_file,0.8889,1.0,0.1111
tar::O0::tar,start_private_header,0.5,0.75,0.25
tar::O0::tar,string_to_chars,0.3333,1.0,0.6667
tar::O0::tar,tar_copy_str,0.5,1.0,0.5
tar::O0::tar,tar_name_copy_str,0.3333,1.0,0.6667
tar::O0::tar,to_base256,0.8571,1.0,0.1429
tar::O0::tar,to_chars_subst,0.8696,0.913,0.0435
tar::O0::tar,to_octal,0.8,1.0,0.2
tar::O0::tar,write_extended,0.25,0.375,0.125
tar::O0::tar,xheader_write,0.5,0.625,0.125
tar::O0::tar,xheader_write_global,0.0,0.3333,0.3333
tar::O2-noinline::tar,compare_dirnames,0.0,0.5,0.5
tar::O2-noinline::tar,start_private_header,0.1538,0.2308,0.0769
tar::O2-noinline::tar,tar_copy_str,0.25,0.75,0.5
tar::O2-noinline::tar,to_base256,0.4286,0.5714,0.1429
tar::O2-noinline::tar,to_chars_subst,0.3478,0.3913,0.0435
tar::O2-noinline::tar,to_octal,0.4,0.6,0.2
tar::O2-noinline::tar,xheader_write,0.25,0.375,0.125
tar::O2::tar,start_private_header,0.0625,0.0938,0.0312
tar::O2::tar,xheader_write,0.1818,0.2727,0.0909
